"TABLE_NAME","COLUMN_ID","DATA_TYPE"
"CLTB_ACCOUNT_COMPONENTS",9,"VARCHAR2"
"CLTB_ACCOUNT_COMPONENTS",10,"VARCHAR2"
"CLTB_ACCOUNT_COMPONENTS",11,"VARCHAR2"
"CLTB_ACCOUNT_COMPONENTS",12,"VARCHAR2"
"CLTB_ACCOUNT_COMPONENTS",13,"VARCHAR2"
"CLTB_ACCOUNT_COMPONENTS",14,"VARCHAR2"
"CLTB_ACCOUNT_COMPONENTS",15,"VARCHAR2"
"CLTB_ACCOUNT_COMPONENTS",16,"VARCHAR2"
"CLTB_ACCOUNT_COMPONENTS",17,"VARCHAR2"
"CLTB_ACCOUNT_COMPONENTS",18,"VARCHAR2"
"CLTB_ACCOUNT_COMPONENTS",19,"VARCHAR2"
"CLTB_ACCOUNT_COMPONENTS",20,"VARCHAR2"
"CLTB_ACCOUNT_COMPONENTS",21,"VARCHAR2"
"CLTB_ACCOUNT_COMPONENTS",22,"VARCHAR2"
"CLTB_ACCOUNT_COMPONENTS",23,"VARCHAR2"
"CLTB_ACCOUNT_COMPONENTS",24,"VARCHAR2"
"CLTB_ACCOUNT_COMPONENTS",25,"VARCHAR2"
"CLTB_ACCOUNT_COMPONENTS",26,"VARCHAR2"
"CLTB_ACCOUNT_COMPONENTS",27,"VARCHAR2"
"CLTB_ACCOUNT_COMPONENTS",28,"VARCHAR2"
"CLTB_ACCOUNT_COMPONENTS",29,"VARCHAR2"
"CLTB_ACCOUNT_COMPONENTS",30,"VARCHAR2"
"CLTB_ACCOUNT_COMPONENTS",31,"VARCHAR2"
"CLTB_ACCOUNT_COMPONENTS",32,"VARCHAR2"
"CLTB_ACCOUNT_COMPONENTS",33,"VARCHAR2"
"CLTB_ACCOUNT_COMPONENTS",34,"VARCHAR2"
"CLTB_ACCOUNT_COMPONENTS",35,"VARCHAR2"
"CLTB_ACCOUNT_COMPONENTS",36,"VARCHAR2"
"CLTB_ACCOUNT_COMPONENTS",37,"VARCHAR2"
"CLTB_ACCOUNT_COMPONENTS",38,"VARCHAR2"
"CLTB_ACCOUNT_COMPONENTS",39,"VARCHAR2"
"CLTB_ACCOUNT_COMPONENTS",40,"VARCHAR2"
"CLTB_ACCOUNT_COMPONENTS",41,"VARCHAR2"
"CLTB_ACCOUNT_COMPONENTS",42,"VARCHAR2"
"CLTB_ACCOUNT_COMPONENTS",43,"VARCHAR2"
"CLTB_ACCOUNT_COMPONENTS",44,"VARCHAR2"
"CLTB_ACCOUNT_COMPONENTS",45,"VARCHAR2"
"CLTB_ACCOUNT_COMPONENTS",46,"VARCHAR2"
"CLTB_ACCOUNT_COMPONENTS",47,"VARCHAR2"
"CLTB_ACCOUNT_COMPONENTS",48,"VARCHAR2"
"CLTB_ACCOUNT_COMPONENTS",49,"VARCHAR2"
"CLTB_ACCOUNT_COMPONENTS",50,"VARCHAR2"
"CLTB_ACCOUNT_COMPONENTS",51,"VARCHAR2"
"CLTB_ACCOUNT_COMPONENTS",52,"VARCHAR2"
"CLTB_ACCOUNT_COMPONENTS",53,"VARCHAR2"
"CLTB_ACCOUNT_COMPONENTS",54,"VARCHAR2"
"CLTB_ACCOUNT_COMPONENTS",55,"VARCHAR2"
"CLTB_ACCOUNT_COMPONENTS",56,"VARCHAR2"
"CLTB_ACCOUNT_COMPONENTS",57,"VARCHAR2"
"CLTB_ACCOUNT_COMPONENTS",58,"VARCHAR2"
"CLTB_ACCOUNT_COMPONENTS",59,"VARCHAR2"
"CLTB_ACCOUNT_COMPONENTS",60,"VARCHAR2"
"CLTB_ACCOUNT_COMPONENTS",61,"VARCHAR2"
"CLTB_ACCOUNT_COMPONENTS",62,"VARCHAR2"
"CLTB_ACCOUNT_COMPONENTS",63,"VARCHAR2"
"CLTB_ACCOUNT_COMPONENTS",64,"VARCHAR2"
"CLTB_ACCOUNT_COMPONENTS",65,"VARCHAR2"
"CLTB_ACCOUNT_COMPONENTS",66,"VARCHAR2"
"CLTB_ACCOUNT_COMPONENTS",67,"CHAR"
"CLTB_ACCOUNT_COMPONENTS",68,"NUMBER"
"CLTB_ACCOUNT_COMPONENTS",69,"NUMBER"
"CLTB_ACCOUNT_COMPONENTS",70,"VARCHAR2"
"CLTB_ACCOUNT_COMPONENTS",71,"NUMBER"
"CLTB_ACCOUNT_COMPONENTS",72,"NUMBER"
"CLTB_ACCOUNT_COMPONENTS",73,"NUMBER"
"CLTB_ACCOUNT_COMPONENTS",74,"VARCHAR2"
"CLTB_ACCOUNT_COMPONENTS",75,"NUMBER"
"CLTB_ACCOUNT_COMPONENTS",76,"VARCHAR2"
"CLTB_ACCOUNT_COMPONENTS",77,"VARCHAR2"
"CLTB_ACCOUNT_COMPONENTS",78,"VARCHAR2"
"CLTB_ACCOUNT_COMPONENTS",79,"VARCHAR2"
"CLTB_ACCOUNT_COMPONENTS",80,"VARCHAR2"
"CLTB_ACCOUNT_COMPONENTS",81,"VARCHAR2"
"CLTB_ACCOUNT_COMPONENTS",82,"VARCHAR2"
"CLTB_ACCOUNT_COMPONENTS",83,"VARCHAR2"
"CLTB_ACCOUNT_COMPONENTS",84,"VARCHAR2"
"CLTB_ACCOUNT_COMPONENTS",85,"VARCHAR2"
"CLTB_ACCOUNT_COMPONENTS",86,"VARCHAR2"
"CLTB_ACCOUNT_COMPONENTS",87,"VARCHAR2"
"CLTB_ACCOUNT_COMPONENTS",88,"VARCHAR2"
"CLTB_ACCOUNT_COMPONENTS",89,"VARCHAR2"
"CLTB_ACCOUNT_COMPONENTS",90,"VARCHAR2"
"CLTB_ACCOUNT_COMPONENTS",91,"VARCHAR2"
"CLTB_ACCOUNT_COMPONENTS",92,"VARCHAR2"
"CLTB_ACCOUNT_COMPONENTS",93,"VARCHAR2"
"CLTB_ACCOUNT_COMPONENTS",94,"VARCHAR2"
"CLTB_ACCOUNT_COMPONENTS",95,"VARCHAR2"
"CLTB_ACCOUNT_COMPONENTS",96,"VARCHAR2"
"CLTB_ACCOUNT_COMPONENTS",97,"VARCHAR2"
"CLTB_ACCOUNT_COMPONENTS",98,"VARCHAR2"
"CLTB_ACCOUNT_COMPONENTS",99,"VARCHAR2"
"CLTB_ACCOUNT_COMPONENTS",100,"VARCHAR2"
"CLTB_ACCOUNT_COMPONENTS",101,"VARCHAR2"
"CLTB_ACCOUNT_COMPONENTS",102,"VARCHAR2"
"CLTB_ACCOUNT_COMPONENTS",103,"VARCHAR2"
"CLTB_ACCOUNT_COMPONENTS",104,"VARCHAR2"
"CLTB_ACCOUNT_COMPONENTS",1,"VARCHAR2"
"CLTB_ACCOUNT_COMPONENTS",2,"VARCHAR2"
"CLTB_ACCOUNT_COMPONENTS",3,"VARCHAR2"
"CLTB_ACCOUNT_COMPONENTS",4,"VARCHAR2"
"CLTB_ACCOUNT_COMPONENTS",5,"VARCHAR2"
"CLTB_ACCOUNT_COMPONENTS",6,"VARCHAR2"
"CLTB_ACCOUNT_COMPONENTS",7,"VARCHAR2"
"CLTB_ACCOUNT_COMPONENTS",8,"NUMBER"
"ACTB_HISTORY",1,"VARCHAR2"
"ACTB_HISTORY",2,"NUMBER"
"ACTB_HISTORY",3,"VARCHAR2"
"ACTB_HISTORY",4,"VARCHAR2"
"ACTB_HISTORY",5,"VARCHAR2"
"ACTB_HISTORY",6,"VARCHAR2"
"ACTB_HISTORY",7,"CHAR"
"ACTB_HISTORY",8,"VARCHAR2"
"ACTB_HISTORY",9,"VARCHAR2"
"ACTB_HISTORY",10,"NUMBER"
"ACTB_HISTORY",11,"NUMBER"
"ACTB_HISTORY",12,"NUMBER"
"ACTB_HISTORY",13,"VARCHAR2"
"ACTB_HISTORY",14,"VARCHAR2"
"ACTB_HISTORY",15,"VARCHAR2"
"ACTB_HISTORY",16,"CHAR"
"ACTB_HISTORY",17,"VARCHAR2"
"ACTB_HISTORY",18,"DATE"
"ACTB_HISTORY",19,"DATE"
"ACTB_HISTORY",20,"DATE"
"ACTB_HISTORY",21,"VARCHAR2"
"ACTB_HISTORY",22,"VARCHAR2"
"ACTB_HISTORY",23,"VARCHAR2"
"ACTB_HISTORY",24,"VARCHAR2"
"ACTB_HISTORY",25,"CHAR"
"ACTB_HISTORY",26,"CHAR"
"ACTB_HISTORY",27,"CHAR"
"ACTB_HISTORY",28,"VARCHAR2"
"ACTB_HISTORY",29,"NUMBER"
"ACTB_HISTORY",30,"CHAR"
"ACTB_HISTORY",31,"CHAR"
"ACTB_HISTORY",32,"CHAR"
"ACTB_HISTORY",33,"VARCHAR2"
"ACTB_HISTORY",34,"NUMBER"
"ACTB_HISTORY",35,"VARCHAR2"
"ACTB_HISTORY",36,"CHAR"
"ACTB_HISTORY",37,"VARCHAR2"
"ACTB_HISTORY",38,"VARCHAR2"
"ACTB_HISTORY",39,"VARCHAR2"
"ACTB_HISTORY",40,"CHAR"
"ACTB_HISTORY",41,"VARCHAR2"
"ACTB_HISTORY",42,"CHAR"
"ACTB_HISTORY",43,"CHAR"
"ACTB_HISTORY",44,"VARCHAR2"
"ACTB_HISTORY",45,"VARCHAR2"
"ACTB_HISTORY",46,"DATE"
"ACTB_HISTORY",47,"NUMBER"
"ACTB_ACCBAL_HISTORY",1,"VARCHAR2"
"ACTB_ACCBAL_HISTORY",2,"VARCHAR2"
"ACTB_ACCBAL_HISTORY",3,"DATE"
"ACTB_ACCBAL_HISTORY",4,"NUMBER"
"ACTB_ACCBAL_HISTORY",5,"NUMBER"
"ACTB_ACCBAL_HISTORY",6,"NUMBER"
"ACTB_ACCBAL_HISTORY",7,"NUMBER"
"ACTB_ACCBAL_HISTORY",8,"NUMBER"
"ACTB_ACCBAL_HISTORY",9,"NUMBER"
"ACTB_ACCBAL_HISTORY",10,"NUMBER"
"ACTB_ACCBAL_HISTORY",11,"NUMBER"
"ACTB_ACCBAL_HISTORY",12,"VARCHAR2"
"ACTB_ACCBAL_HISTORY",13,"NUMBER"
"ACTB_ACCBAL_HISTORY",14,"NUMBER"
"ACTB_ACCBAL_HISTORY",15,"NUMBER"
"CATM_CHECK_BOOK",1,"VARCHAR2"
"CATM_CHECK_BOOK",2,"VARCHAR2"
"CATM_CHECK_BOOK",3,"VARCHAR2"
"CATM_CHECK_BOOK",4,"NUMBER"
"CATM_CHECK_BOOK",5,"DATE"
"CATM_CHECK_BOOK",6,"DATE"
"CATM_CHECK_BOOK",7,"VARCHAR2"
"CATM_CHECK_BOOK",8,"VARCHAR2"
"CATM_CHECK_BOOK",9,"DATE"
"CATM_CHECK_BOOK",10,"VARCHAR2"
"CATM_CHECK_BOOK",11,"DATE"
"CATM_CHECK_BOOK",12,"NUMBER"
"CATM_CHECK_BOOK",13,"CHAR"
"CATM_CHECK_BOOK",14,"CHAR"
"CATM_CHECK_BOOK",15,"CHAR"
"CATM_CHECK_BOOK",16,"VARCHAR2"
"CATM_CHECK_BOOK",17,"VARCHAR2"
"CATM_CHECK_BOOK",18,"VARCHAR2"
"CATM_CHECK_BOOK",19,"CHAR"
"CATM_CHECK_BOOK",20,"VARCHAR2"
"CATM_CHECK_BOOK",21,"VARCHAR2"
"CATM_CHECK_BOOK",22,"DATE"
"CATM_CHECK_BOOK",23,"CHAR"
"CATM_CHECK_BOOK",24,"VARCHAR2"
"CATM_CHECK_BOOK",25,"VARCHAR2"
"CATM_CHECK_BOOK",26,"VARCHAR2"
"CATM_CHECK_BOOK",27,"VARCHAR2"
"CATM_CHECK_BOOK",28,"VARCHAR2"
"CATM_CHECK_BOOK",29,"VARCHAR2"
"CATM_CHECK_BOOK",30,"VARCHAR2"
"CATM_CHECK_BOOK",31,"VARCHAR2"
"CATM_CHECK_BOOK",32,"VARCHAR2"
"CATM_CHECK_BOOK",33,"NUMBER"
"RVTB_ACC_REVAL",1,"VARCHAR2"
"RVTB_ACC_REVAL",2,"DATE"
"RVTB_ACC_REVAL",3,"VARCHAR2"
"RVTB_ACC_REVAL",4,"CHAR"
"RVTB_ACC_REVAL",5,"VARCHAR2"
"RVTB_ACC_REVAL",6,"NUMBER"
"RVTB_ACC_REVAL",7,"NUMBER"
"RVTB_ACC_REVAL",8,"NUMBER"
"RVTB_ACC_REVAL",9,"NUMBER"
"RVTB_ACC_REVAL",10,"VARCHAR2"
"RVTB_ACC_REVAL",11,"VARCHAR2"
"RVTB_ACC_REVAL",12,"VARCHAR2"
"RVTB_ACC_REVAL",13,"NUMBER"
"RVTB_ACC_REVAL",14,"NUMBER"
"RVTB_ACC_REVAL",15,"NUMBER"
"RVTB_ACC_REVAL",16,"VARCHAR2"
"RVTB_ACC_REVAL",17,"VARCHAR2"
"RVTB_ACC_REVAL",18,"VARCHAR2"
"RVTB_ACC_REVAL",19,"VARCHAR2"
"STTB_ACCOUNT",13,"CHAR"
"STTB_ACCOUNT",14,"CHAR"
"STTB_ACCOUNT",15,"CHAR"
"STTB_ACCOUNT",16,"CHAR"
"STTB_ACCOUNT",17,"CHAR"
"STTB_ACCOUNT",18,"VARCHAR2"
"STTB_ACCOUNT",19,"VARCHAR2"
"STTB_ACCOUNT",20,"CHAR"
"STTB_ACCOUNT",21,"CHAR"
"STTB_ACCOUNT",22,"VARCHAR2"
"STTB_ACCOUNT",23,"VARCHAR2"
"STTB_ACCOUNT",24,"VARCHAR2"
"STTB_ACCOUNT",25,"NUMBER"
"STTB_ACCOUNT",26,"CHAR"
"STTB_ACCOUNT",27,"DATE"
"STTB_ACCOUNT",28,"CHAR"
"STTB_ACCOUNT",29,"VARCHAR2"
"STTB_ACCOUNT",30,"VARCHAR2"
"STTB_ACCOUNT",31,"VARCHAR2"
"STTB_ACCOUNT",32,"VARCHAR2"
"STTB_ACCOUNT",33,"VARCHAR2"
"STTB_ACCOUNT",34,"VARCHAR2"
"STTB_ACCOUNT",1,"VARCHAR2"
"STTB_ACCOUNT",2,"VARCHAR2"
"STTB_ACCOUNT",3,"VARCHAR2"
"STTB_ACCOUNT",4,"VARCHAR2"
"STTB_ACCOUNT",5,"CHAR"
"STTB_ACCOUNT",6,"VARCHAR2"
"STTB_ACCOUNT",7,"CHAR"
"STTB_ACCOUNT",8,"VARCHAR2"
"STTB_ACCOUNT",9,"CHAR"
"STTB_ACCOUNT",10,"CHAR"
"STTB_ACCOUNT",11,"CHAR"
"STTB_ACCOUNT",12,"CHAR"
"STTM_CUST_PERSONAL",1,"VARCHAR2"
"STTM_CUST_PERSONAL",2,"VARCHAR2"
"STTM_CUST_PERSONAL",3,"VARCHAR2"
"STTM_CUST_PERSONAL",4,"VARCHAR2"
"STTM_CUST_PERSONAL",5,"DATE"
"STTM_CUST_PERSONAL",6,"VARCHAR2"
"STTM_CUST_PERSONAL",7,"CHAR"
"STTM_CUST_PERSONAL",8,"CHAR"
"STTM_CUST_PERSONAL",9,"VARCHAR2"
"STTM_CUST_PERSONAL",10,"VARCHAR2"
"STTM_CUST_PERSONAL",11,"DATE"
"STTM_CUST_PERSONAL",12,"DATE"
"STTM_CUST_PERSONAL",13,"VARCHAR2"
"STTM_CUST_PERSONAL",14,"VARCHAR2"
"STTM_CUST_PERSONAL",15,"VARCHAR2"
"STTM_CUST_PERSONAL",16,"VARCHAR2"
"STTM_CUST_PERSONAL",17,"VARCHAR2"
"STTM_CUST_PERSONAL",18,"VARCHAR2"
"STTM_CUST_PERSONAL",19,"VARCHAR2"
"STTM_CUST_PERSONAL",20,"VARCHAR2"
"STTM_CUST_PERSONAL",21,"VARCHAR2"
"STTM_CUST_PERSONAL",22,"VARCHAR2"
"STTM_CUST_PERSONAL",23,"VARCHAR2"
"STTM_CUST_PERSONAL",24,"VARCHAR2"
"STTM_CUST_PERSONAL",25,"CHAR"
"STTM_CUST_PERSONAL",26,"VARCHAR2"
"STTM_CUST_PERSONAL",27,"VARCHAR2"
"STTM_CUST_PERSONAL",28,"VARCHAR2"
"STTM_CUST_PERSONAL",29,"VARCHAR2"
"STTM_CUST_PERSONAL",30,"VARCHAR2"
"STTM_CUST_PERSONAL",31,"VARCHAR2"
"STTM_CUST_PERSONAL",32,"VARCHAR2"
"STTM_CUST_PERSONAL",33,"VARCHAR2"
"STTM_CUST_PERSONAL",34,"VARCHAR2"
"STTM_CUST_PERSONAL",35,"NUMBER"
"STTM_CUST_PERSONAL",36,"NUMBER"
"STTM_CUST_PERSONAL",37,"NUMBER"
"STTM_CUST_PERSONAL",38,"VARCHAR2"
"STTM_CUST_PERSONAL",39,"VARCHAR2"
"STTM_CUST_PERSONAL",40,"VARCHAR2"
"STTM_CUST_PERSONAL",41,"VARCHAR2"
"STTM_CUST_PERSONAL",42,"VARCHAR2"
"STTM_CUST_PERSONAL",43,"VARCHAR2"
"STTM_CUST_PERSONAL",44,"NUMBER"
"STTM_CUST_PERSONAL",45,"VARCHAR2"
"STTM_CUST_PERSONAL",46,"VARCHAR2"
"STTM_CUST_PERSONAL",47,"VARCHAR2"
"STTM_CUST_PERSONAL",48,"NUMBER"
"STTM_CUST_PERSONAL",49,"VARCHAR2"
"STTM_CUST_PERSONAL",50,"DATE"
"STTM_CUST_PERSONAL",51,"NUMBER"
"STTM_CUST_PERSONAL",52,"VARCHAR2"
"ACTB_VD_BAL",1,"VARCHAR2"
"ACTB_VD_BAL",2,"VARCHAR2"
"ACTB_VD_BAL",3,"DATE"
"ACTB_VD_BAL",4,"NUMBER"
"ACTB_VD_BAL",5,"NUMBER"
"ACTB_VD_BAL",6,"NUMBER"
"ACTB_VD_BAL",7,"VARCHAR2"
"ACTB_VD_BAL",8,"NUMBER"
"ACTB_VD_BAL",9,"CHAR"
"ACTB_VD_BAL",10,"NUMBER"
"ACTB_VD_BAL",11,"NUMBER"
"MITB_CLASS_MAPPING",34,"VARCHAR2"
"MITB_CLASS_MAPPING",35,"VARCHAR2"
"MITB_CLASS_MAPPING",36,"VARCHAR2"
"MITB_CLASS_MAPPING",37,"VARCHAR2"
"MITB_CLASS_MAPPING",38,"VARCHAR2"
"MITB_CLASS_MAPPING",39,"VARCHAR2"
"MITB_CLASS_MAPPING",40,"VARCHAR2"
"MITB_CLASS_MAPPING",41,"VARCHAR2"
"MITB_CLASS_MAPPING",42,"VARCHAR2"
"MITB_CLASS_MAPPING",43,"VARCHAR2"
"MITB_CLASS_MAPPING",44,"VARCHAR2"
"MITB_CLASS_MAPPING",45,"VARCHAR2"
"MITB_CLASS_MAPPING",46,"VARCHAR2"
"MITB_CLASS_MAPPING",47,"VARCHAR2"
"MITB_CLASS_MAPPING",48,"VARCHAR2"
"MITB_CLASS_MAPPING",49,"VARCHAR2"
"MITB_CLASS_MAPPING",50,"VARCHAR2"
"MITB_CLASS_MAPPING",51,"VARCHAR2"
"MITB_CLASS_MAPPING",52,"VARCHAR2"
"MITB_CLASS_MAPPING",53,"NUMBER"
"MITB_CLASS_MAPPING",54,"VARCHAR2"
"MITB_CLASS_MAPPING",55,"VARCHAR2"
"MITB_CLASS_MAPPING",56,"NUMBER"
"MITB_CLASS_MAPPING",1,"VARCHAR2"
"MITB_CLASS_MAPPING",2,"VARCHAR2"
"MITB_CLASS_MAPPING",3,"CHAR"
"MITB_CLASS_MAPPING",4,"VARCHAR2"
"MITB_CLASS_MAPPING",5,"VARCHAR2"
"MITB_CLASS_MAPPING",6,"VARCHAR2"
"MITB_CLASS_MAPPING",7,"VARCHAR2"
"MITB_CLASS_MAPPING",8,"VARCHAR2"
"MITB_CLASS_MAPPING",9,"VARCHAR2"
"MITB_CLASS_MAPPING",10,"VARCHAR2"
"MITB_CLASS_MAPPING",11,"CHAR"
"MITB_CLASS_MAPPING",12,"NUMBER"
"MITB_CLASS_MAPPING",13,"CHAR"
"MITB_CLASS_MAPPING",14,"CHAR"
"MITB_CLASS_MAPPING",15,"VARCHAR2"
"MITB_CLASS_MAPPING",16,"VARCHAR2"
"MITB_CLASS_MAPPING",17,"VARCHAR2"
"MITB_CLASS_MAPPING",18,"VARCHAR2"
"MITB_CLASS_MAPPING",19,"VARCHAR2"
"MITB_CLASS_MAPPING",20,"VARCHAR2"
"MITB_CLASS_MAPPING",21,"VARCHAR2"
"MITB_CLASS_MAPPING",22,"VARCHAR2"
"MITB_CLASS_MAPPING",23,"VARCHAR2"
"MITB_CLASS_MAPPING",24,"VARCHAR2"
"MITB_CLASS_MAPPING",25,"VARCHAR2"
"MITB_CLASS_MAPPING",26,"VARCHAR2"
"MITB_CLASS_MAPPING",27,"VARCHAR2"
"MITB_CLASS_MAPPING",28,"VARCHAR2"
"MITB_CLASS_MAPPING",29,"VARCHAR2"
"MITB_CLASS_MAPPING",30,"VARCHAR2"
"MITB_CLASS_MAPPING",31,"VARCHAR2"
"MITB_CLASS_MAPPING",32,"VARCHAR2"
"MITB_CLASS_MAPPING",33,"VARCHAR2"
"STTM_CUST_ACCOUNT",194,"VARCHAR2"
"STTM_CUST_ACCOUNT",195,"VARCHAR2"
"STTM_CUST_ACCOUNT",196,"VARCHAR2"
"STTM_CUST_ACCOUNT",197,"VARCHAR2"
"STTM_CUST_ACCOUNT",198,"NUMBER"
"STTM_CUST_ACCOUNT",199,"NUMBER"
"STTM_CUST_ACCOUNT",200,"NUMBER"
"STTM_CUST_ACCOUNT",201,"NUMBER"
"STTM_CUST_ACCOUNT",202,"CHAR"
"STTM_CUST_ACCOUNT",203,"NUMBER"
"STTM_CUST_ACCOUNT",204,"VARCHAR2"
"STTM_CUST_ACCOUNT",205,"VARCHAR2"
"STTM_CUST_ACCOUNT",206,"VARCHAR2"
"STTM_CUST_ACCOUNT",207,"VARCHAR2"
"STTM_CUST_ACCOUNT",208,"NUMBER"
"STTM_CUST_ACCOUNT",209,"VARCHAR2"
"STTM_CUST_ACCOUNT",210,"NUMBER"
"STTM_CUST_ACCOUNT",211,"VARCHAR2"
"STTM_CUST_ACCOUNT",212,"VARCHAR2"
"STTM_CUST_ACCOUNT",213,"CHAR"
"STTM_CUST_ACCOUNT",214,"VARCHAR2"
"STTM_CUST_ACCOUNT",215,"VARCHAR2"
"STTM_CUST_ACCOUNT",216,"NUMBER"
"STTM_CUST_ACCOUNT",217,"NUMBER"
"STTM_CUST_ACCOUNT",218,"VARCHAR2"
"STTM_CUST_ACCOUNT",219,"CHAR"
"STTM_CUST_ACCOUNT",220,"NUMBER"
"STTM_CUST_ACCOUNT",221,"NUMBER"
"STTM_CUST_ACCOUNT",222,"VARCHAR2"
"STTM_CUST_ACCOUNT",223,"VARCHAR2"
"STTM_CUST_ACCOUNT",224,"VARCHAR2"
"STTM_CUST_ACCOUNT",225,"VARCHAR2"
"STTM_CUST_ACCOUNT",226,"VARCHAR2"
"STTM_CUST_ACCOUNT",227,"VARCHAR2"
"STTM_CUST_ACCOUNT",228,"VARCHAR2"
"STTM_CUST_ACCOUNT",229,"DATE"
"STTM_CUST_ACCOUNT",230,"VARCHAR2"
"STTM_CUST_ACCOUNT",231,"CHAR"
"STTM_CUST_ACCOUNT",232,"CHAR"
"STTM_CUST_ACCOUNT",233,"CHAR"
"STTM_CUST_ACCOUNT",234,"DATE"
"STTM_CUST_ACCOUNT",235,"VARCHAR2"
"STTM_CUST_ACCOUNT",236,"NUMBER"
"STTM_CUST_ACCOUNT",237,"VARCHAR2"
"STTM_CUST_ACCOUNT",238,"VARCHAR2"
"STTM_CUST_ACCOUNT",239,"VARCHAR2"
"STTM_CUST_ACCOUNT",240,"VARCHAR2"
"STTM_CUST_ACCOUNT",241,"VARCHAR2"
"STTM_CUST_ACCOUNT",242,"DATE"
"STTM_CUST_ACCOUNT",243,"VARCHAR2"
"STTM_CUST_ACCOUNT",244,"CHAR"
"STTM_CUST_ACCOUNT",245,"CHAR"
"STTM_CUST_ACCOUNT",246,"CHAR"
"STTM_CUST_ACCOUNT",247,"VARCHAR2"
"STTM_CUST_ACCOUNT",248,"VARCHAR2"
"STTM_CUST_ACCOUNT",249,"VARCHAR2"
"STTM_CUST_ACCOUNT",250,"VARCHAR2"
"STTM_CUST_ACCOUNT",251,"VARCHAR2"
"STTM_CUST_ACCOUNT",89,"DATE"
"STTM_CUST_ACCOUNT",90,"VARCHAR2"
"STTM_CUST_ACCOUNT",91,"VARCHAR2"
"STTM_CUST_ACCOUNT",92,"VARCHAR2"
"STTM_CUST_ACCOUNT",93,"VARCHAR2"
"STTM_CUST_ACCOUNT",94,"VARCHAR2"
"STTM_CUST_ACCOUNT",95,"VARCHAR2"
"STTM_CUST_ACCOUNT",96,"NUMBER"
"STTM_CUST_ACCOUNT",97,"NUMBER"
"STTM_CUST_ACCOUNT",98,"CHAR"
"STTM_CUST_ACCOUNT",99,"CHAR"
"STTM_CUST_ACCOUNT",100,"VARCHAR2"
"STTM_CUST_ACCOUNT",101,"VARCHAR2"
"STTM_CUST_ACCOUNT",102,"VARCHAR2"
"STTM_CUST_ACCOUNT",103,"VARCHAR2"
"STTM_CUST_ACCOUNT",104,"VARCHAR2"
"STTM_CUST_ACCOUNT",105,"NUMBER"
"STTM_CUST_ACCOUNT",106,"NUMBER"
"STTM_CUST_ACCOUNT",107,"NUMBER"
"STTM_CUST_ACCOUNT",108,"NUMBER"
"STTM_CUST_ACCOUNT",109,"NUMBER"
"STTM_CUST_ACCOUNT",110,"NUMBER"
"STTM_CUST_ACCOUNT",111,"NUMBER"
"STTM_CUST_ACCOUNT",112,"VARCHAR2"
"STTM_CUST_ACCOUNT",113,"CHAR"
"STTM_CUST_ACCOUNT",114,"NUMBER"
"STTM_CUST_ACCOUNT",115,"CHAR"
"STTM_CUST_ACCOUNT",116,"DATE"
"STTM_CUST_ACCOUNT",117,"NUMBER"
"STTM_CUST_ACCOUNT",118,"NUMBER"
"STTM_CUST_ACCOUNT",119,"CHAR"
"STTM_CUST_ACCOUNT",120,"CHAR"
"STTM_CUST_ACCOUNT",121,"NUMBER"
"STTM_CUST_ACCOUNT",122,"CHAR"
"STTM_CUST_ACCOUNT",123,"DATE"
"STTM_CUST_ACCOUNT",124,"NUMBER"
"STTM_CUST_ACCOUNT",125,"NUMBER"
"STTM_CUST_ACCOUNT",126,"CHAR"
"STTM_CUST_ACCOUNT",127,"NUMBER"
"STTM_CUST_ACCOUNT",128,"VARCHAR2"
"STTM_CUST_ACCOUNT",129,"NUMBER"
"STTM_CUST_ACCOUNT",130,"VARCHAR2"
"STTM_CUST_ACCOUNT",131,"VARCHAR2"
"STTM_CUST_ACCOUNT",132,"NUMBER"
"STTM_CUST_ACCOUNT",133,"CHAR"
"STTM_CUST_ACCOUNT",134,"NUMBER"
"STTM_CUST_ACCOUNT",135,"NUMBER"
"STTM_CUST_ACCOUNT",136,"NUMBER"
"STTM_CUST_ACCOUNT",137,"VARCHAR2"
"STTM_CUST_ACCOUNT",138,"NUMBER"
"STTM_CUST_ACCOUNT",139,"VARCHAR2"
"STTM_CUST_ACCOUNT",140,"VARCHAR2"
"STTM_CUST_ACCOUNT",141,"VARCHAR2"
"STTM_CUST_ACCOUNT",142,"VARCHAR2"
"STTM_CUST_ACCOUNT",143,"CHAR"
"STTM_CUST_ACCOUNT",144,"VARCHAR2"
"STTM_CUST_ACCOUNT",145,"DATE"
"STTM_CUST_ACCOUNT",146,"DATE"
"STTM_CUST_ACCOUNT",147,"CHAR"
"STTM_CUST_ACCOUNT",148,"VARCHAR2"
"STTM_CUST_ACCOUNT",149,"VARCHAR2"
"STTM_CUST_ACCOUNT",150,"CHAR"
"STTM_CUST_ACCOUNT",151,"NUMBER"
"STTM_CUST_ACCOUNT",152,"NUMBER"
"STTM_CUST_ACCOUNT",153,"VARCHAR2"
"STTM_CUST_ACCOUNT",154,"VARCHAR2"
"STTM_CUST_ACCOUNT",155,"VARCHAR2"
"STTM_CUST_ACCOUNT",156,"VARCHAR2"
"STTM_CUST_ACCOUNT",157,"DATE"
"STTM_CUST_ACCOUNT",158,"VARCHAR2"
"STTM_CUST_ACCOUNT",159,"DATE"
"STTM_CUST_ACCOUNT",160,"DATE"
"STTM_CUST_ACCOUNT",161,"VARCHAR2"
"STTM_CUST_ACCOUNT",162,"DATE"
"STTM_CUST_ACCOUNT",163,"DATE"
"STTM_CUST_ACCOUNT",164,"DATE"
"STTM_CUST_ACCOUNT",165,"VARCHAR2"
"STTM_CUST_ACCOUNT",166,"NUMBER"
"STTM_CUST_ACCOUNT",167,"VARCHAR2"
"STTM_CUST_ACCOUNT",168,"CHAR"
"STTM_CUST_ACCOUNT",169,"VARCHAR2"
"STTM_CUST_ACCOUNT",170,"VARCHAR2"
"STTM_CUST_ACCOUNT",171,"NUMBER"
"STTM_CUST_ACCOUNT",172,"NUMBER"
"STTM_CUST_ACCOUNT",173,"NUMBER"
"STTM_CUST_ACCOUNT",174,"DATE"
"STTM_CUST_ACCOUNT",175,"DATE"
"STTM_CUST_ACCOUNT",176,"VARCHAR2"
"STTM_CUST_ACCOUNT",177,"VARCHAR2"
"STTM_CUST_ACCOUNT",178,"VARCHAR2"
"STTM_CUST_ACCOUNT",179,"NUMBER"
"STTM_CUST_ACCOUNT",180,"NUMBER"
"STTM_CUST_ACCOUNT",181,"VARCHAR2"
"STTM_CUST_ACCOUNT",182,"VARCHAR2"
"STTM_CUST_ACCOUNT",183,"VARCHAR2"
"STTM_CUST_ACCOUNT",184,"VARCHAR2"
"STTM_CUST_ACCOUNT",185,"VARCHAR2"
"STTM_CUST_ACCOUNT",186,"VARCHAR2"
"STTM_CUST_ACCOUNT",187,"NUMBER"
"STTM_CUST_ACCOUNT",188,"VARCHAR2"
"STTM_CUST_ACCOUNT",189,"VARCHAR2"
"STTM_CUST_ACCOUNT",190,"VARCHAR2"
"STTM_CUST_ACCOUNT",191,"VARCHAR2"
"STTM_CUST_ACCOUNT",192,"VARCHAR2"
"STTM_CUST_ACCOUNT",193,"VARCHAR2"
"STTM_CUST_ACCOUNT",1,"VARCHAR2"
"STTM_CUST_ACCOUNT",2,"VARCHAR2"
"STTM_CUST_ACCOUNT",3,"VARCHAR2"
"STTM_CUST_ACCOUNT",4,"VARCHAR2"
"STTM_CUST_ACCOUNT",5,"VARCHAR2"
"STTM_CUST_ACCOUNT",6,"VARCHAR2"
"STTM_CUST_ACCOUNT",7,"CHAR"
"STTM_CUST_ACCOUNT",8,"CHAR"
"STTM_CUST_ACCOUNT",9,"CHAR"
"STTM_CUST_ACCOUNT",10,"CHAR"
"STTM_CUST_ACCOUNT",11,"CHAR"
"STTM_CUST_ACCOUNT",12,"CHAR"
"STTM_CUST_ACCOUNT",13,"DATE"
"STTM_CUST_ACCOUNT",14,"NUMBER"
"STTM_CUST_ACCOUNT",15,"CHAR"
"STTM_CUST_ACCOUNT",16,"VARCHAR2"
"STTM_CUST_ACCOUNT",17,"CHAR"
"STTM_CUST_ACCOUNT",18,"CHAR"
"STTM_CUST_ACCOUNT",19,"CHAR"
"STTM_CUST_ACCOUNT",20,"CHAR"
"STTM_CUST_ACCOUNT",21,"VARCHAR2"
"STTM_CUST_ACCOUNT",22,"VARCHAR2"
"STTM_CUST_ACCOUNT",23,"VARCHAR2"
"STTM_CUST_ACCOUNT",24,"VARCHAR2"
"STTM_CUST_ACCOUNT",25,"NUMBER"
"STTM_CUST_ACCOUNT",26,"NUMBER"
"STTM_CUST_ACCOUNT",27,"CHAR"
"STTM_CUST_ACCOUNT",28,"DATE"
"STTM_CUST_ACCOUNT",29,"NUMBER"
"STTM_CUST_ACCOUNT",30,"NUMBER"
"STTM_CUST_ACCOUNT",31,"DATE"
"STTM_CUST_ACCOUNT",32,"DATE"
"STTM_CUST_ACCOUNT",33,"NUMBER"
"STTM_CUST_ACCOUNT",34,"VARCHAR2"
"STTM_CUST_ACCOUNT",35,"VARCHAR2"
"STTM_CUST_ACCOUNT",36,"VARCHAR2"
"STTM_CUST_ACCOUNT",37,"VARCHAR2"
"STTM_CUST_ACCOUNT",38,"CHAR"
"STTM_CUST_ACCOUNT",39,"CHAR"
"STTM_CUST_ACCOUNT",40,"NUMBER"
"STTM_CUST_ACCOUNT",41,"VARCHAR2"
"STTM_CUST_ACCOUNT",42,"DATE"
"STTM_CUST_ACCOUNT",43,"VARCHAR2"
"STTM_CUST_ACCOUNT",44,"DATE"
"STTM_CUST_ACCOUNT",45,"CHAR"
"STTM_CUST_ACCOUNT",46,"VARCHAR2"
"STTM_CUST_ACCOUNT",47,"CHAR"
"STTM_CUST_ACCOUNT",48,"NUMBER"
"STTM_CUST_ACCOUNT",49,"CHAR"
"STTM_CUST_ACCOUNT",50,"NUMBER"
"STTM_CUST_ACCOUNT",51,"NUMBER"
"STTM_CUST_ACCOUNT",52,"NUMBER"
"STTM_CUST_ACCOUNT",53,"NUMBER"
"STTM_CUST_ACCOUNT",54,"NUMBER"
"STTM_CUST_ACCOUNT",55,"NUMBER"
"STTM_CUST_ACCOUNT",56,"NUMBER"
"STTM_CUST_ACCOUNT",57,"NUMBER"
"STTM_CUST_ACCOUNT",58,"NUMBER"
"STTM_CUST_ACCOUNT",59,"NUMBER"
"STTM_CUST_ACCOUNT",60,"NUMBER"
"STTM_CUST_ACCOUNT",61,"NUMBER"
"STTM_CUST_ACCOUNT",62,"NUMBER"
"STTM_CUST_ACCOUNT",63,"NUMBER"
"STTM_CUST_ACCOUNT",64,"NUMBER"
"STTM_CUST_ACCOUNT",65,"NUMBER"
"STTM_CUST_ACCOUNT",66,"NUMBER"
"STTM_CUST_ACCOUNT",67,"NUMBER"
"STTM_CUST_ACCOUNT",68,"NUMBER"
"STTM_CUST_ACCOUNT",69,"NUMBER"
"STTM_CUST_ACCOUNT",70,"NUMBER"
"STTM_CUST_ACCOUNT",71,"NUMBER"
"STTM_CUST_ACCOUNT",72,"NUMBER"
"STTM_CUST_ACCOUNT",73,"NUMBER"
"STTM_CUST_ACCOUNT",74,"NUMBER"
"STTM_CUST_ACCOUNT",75,"NUMBER"
"STTM_CUST_ACCOUNT",76,"NUMBER"
"STTM_CUST_ACCOUNT",77,"NUMBER"
"STTM_CUST_ACCOUNT",78,"NUMBER"
"STTM_CUST_ACCOUNT",79,"DATE"
"STTM_CUST_ACCOUNT",80,"DATE"
"STTM_CUST_ACCOUNT",81,"DATE"
"STTM_CUST_ACCOUNT",82,"DATE"
"STTM_CUST_ACCOUNT",83,"NUMBER"
"STTM_CUST_ACCOUNT",84,"DATE"
"STTM_CUST_ACCOUNT",85,"DATE"
"STTM_CUST_ACCOUNT",86,"DATE"
"STTM_CUST_ACCOUNT",87,"NUMBER"
"STTM_CUST_ACCOUNT",88,"CHAR"
"CLTB_LIQ",1,"VARCHAR2"
"CLTB_LIQ",2,"VARCHAR2"
"CLTB_LIQ",3,"NUMBER"
"CLTB_LIQ",4,"DATE"
"CLTB_LIQ",5,"DATE"
"CLTB_LIQ",6,"VARCHAR2"
"CLTB_LIQ",7,"VARCHAR2"
"CLTB_LIQ",8,"VARCHAR2"
"CLTB_LIQ",9,"DATE"
"CLTB_LIQ",10,"VARCHAR2"
"CLTB_LIQ",11,"DATE"
"CLTB_LIQ",12,"VARCHAR2"
"CLTB_LIQ",13,"DATE"
"CLTB_LIQ",14,"VARCHAR2"
"CLTB_LIQ",15,"DATE"
"CLTB_LIQ",16,"NUMBER"
"CLTB_LIQ",17,"NUMBER"
"CLTB_LIQ",18,"NUMBER"
"CLTB_LIQ",19,"VARCHAR2"
"CLTB_LIQ",20,"VARCHAR2"
"CLTB_LIQ",21,"VARCHAR2"
"CLTB_LIQ",22,"DATE"
"CLTB_LIQ",23,"VARCHAR2"
"CLTB_LIQ",24,"VARCHAR2"
"CLTB_LIQ",25,"VARCHAR2"
"CLTB_LIQ",26,"NUMBER"
"CLTB_LIQ",27,"VARCHAR2"
"CLTB_LIQ",28,"DATE"
"CLTB_LIQ",29,"DATE"
"CLTB_LIQ",30,"NUMBER"
"CLTB_LIQ",31,"NUMBER"
"CLTB_LIQ",32,"NUMBER"
"CLTB_LIQ",33,"NUMBER"
"CLTB_LIQ",34,"VARCHAR2"
"CLTB_LIQ",35,"VARCHAR2"
"CLTB_LIQ",36,"NUMBER"
"CLTB_AMOUNT_PAID",1,"VARCHAR2"
"CLTB_AMOUNT_PAID",2,"VARCHAR2"
"CLTB_AMOUNT_PAID",3,"VARCHAR2"
"CLTB_AMOUNT_PAID",4,"DATE"
"CLTB_AMOUNT_PAID",5,"DATE"
"CLTB_AMOUNT_PAID",6,"NUMBER"
"CLTB_AMOUNT_PAID",7,"NUMBER"
"CLTB_AMOUNT_PAID",8,"NUMBER"
"CLTB_AMOUNT_PAID",9,"NUMBER"
"CLTB_AMOUNT_PAID",10,"DATE"
"CLTB_AMOUNT_PAID",11,"VARCHAR2"
"CLTB_AMOUNT_PAID",12,"DATE"
"CLTB_AMOUNT_RECD",1,"VARCHAR2"
"CLTB_AMOUNT_RECD",2,"VARCHAR2"
"CLTB_AMOUNT_RECD",3,"VARCHAR2"
"CLTB_AMOUNT_RECD",4,"DATE"
"CLTB_AMOUNT_RECD",5,"DATE"
"CLTB_AMOUNT_RECD",6,"NUMBER"
"CLTB_AMOUNT_RECD",7,"VARCHAR2"
"CLTB_AMOUNT_RECD",8,"NUMBER"
"GLTB_GL_BAL",1,"VARCHAR2"
"GLTB_GL_BAL",2,"VARCHAR2"
"GLTB_GL_BAL",3,"VARCHAR2"
"GLTB_GL_BAL",4,"VARCHAR2"
"GLTB_GL_BAL",5,"VARCHAR2"
"GLTB_GL_BAL",6,"VARCHAR2"
"GLTB_GL_BAL",7,"CHAR"
"GLTB_GL_BAL",8,"CHAR"
"GLTB_GL_BAL",9,"NUMBER"
"GLTB_GL_BAL",10,"NUMBER"
"GLTB_GL_BAL",11,"NUMBER"
"GLTB_GL_BAL",12,"NUMBER"
"GLTB_GL_BAL",13,"NUMBER"
"GLTB_GL_BAL",14,"NUMBER"
"GLTB_GL_BAL",15,"NUMBER"
"GLTB_GL_BAL",16,"NUMBER"
"GLTB_GL_BAL",17,"NUMBER"
"GLTB_GL_BAL",18,"NUMBER"
"GLTB_GL_BAL",19,"NUMBER"
"GLTB_GL_BAL",20,"NUMBER"
"GLTB_GL_BAL",21,"NUMBER"
"GLTB_GL_BAL",22,"NUMBER"
"GLTB_GL_BAL",23,"NUMBER"
"GLTB_GL_BAL",24,"NUMBER"
"GLTB_GL_BAL",25,"NUMBER"
"GLTB_GL_BAL",26,"NUMBER"
"GLTB_GL_BAL",27,"NUMBER"
"GLTB_GL_BAL",28,"NUMBER"
"GLTB_GL_BAL",29,"NUMBER"
"GLTB_GL_BAL",30,"CHAR"
"GLTB_GL_BAL",31,"NUMBER"
"GLTB_GL_BAL",32,"NUMBER"
"GLTB_GL_BAL",33,"NUMBER"
"GLTB_GL_BAL",34,"NUMBER"
"STTM_CUSTOMER",,"VARCHAR2"
"STTM_CUSTOMER",2,"CHAR"
"STTM_CUSTOMER",3,"VARCHAR2"
"STTM_CUSTOMER",4,"VARCHAR2"
"STTM_CUSTOMER",5,"VARCHAR2"
"STTM_CUSTOMER",6,"VARCHAR2"
"STTM_CUSTOMER",7,"VARCHAR2"
"STTM_CUSTOMER",8,"VARCHAR2"
"STTM_CUSTOMER",9,"VARCHAR2"
"STTM_CUSTOMER",10,"VARCHAR2"
"STTM_CUSTOMER",11,"VARCHAR2"
"STTM_CUSTOMER",12,"VARCHAR2"
"STTM_CUSTOMER",13,"VARCHAR2"
"STTM_CUSTOMER",14,"VARCHAR2"
"STTM_CUSTOMER",15,"VARCHAR2"
"STTM_CUSTOMER",16,"VARCHAR2"
"STTM_CUSTOMER",17,"CHAR"
"STTM_CUSTOMER",18,"CHAR"
"STTM_CUSTOMER",19,"CHAR"
"STTM_CUSTOMER",20,"VARCHAR2"
"STTM_CUSTOMER",21,"VARCHAR2"
"STTM_CUSTOMER",22,"CHAR"
"STTM_CUSTOMER",23,"CHAR"
"STTM_CUSTOMER",24,"NUMBER"
"STTM_CUSTOMER",25,"VARCHAR2"
"STTM_CUSTOMER",26,"DATE"
"STTM_CUSTOMER",27,"VARCHAR2"
"STTM_CUSTOMER",28,"DATE"
"STTM_CUSTOMER",29,"CHAR"
"STTM_CUSTOMER",30,"NUMBER"
"STTM_CUSTOMER",31,"NUMBER"
"STTM_CUSTOMER",32,"NUMBER"
"STTM_CUSTOMER",33,"VARCHAR2"
"STTM_CUSTOMER",34,"DATE"
"STTM_CUSTOMER",35,"VARCHAR2"
"STTM_CUSTOMER",36,"CHAR"
"STTM_CUSTOMER",37,"VARCHAR2"
"STTM_CUSTOMER",38,"NUMBER"
"STTM_CUSTOMER",39,"NUMBER"
"STTM_CUSTOMER",40,"NUMBER"
"STTM_CUSTOMER",41,"NUMBER"
"STTM_CUSTOMER",42,"VARCHAR2"
"STTM_CUSTOMER",43,"VARCHAR2"
"STTM_CUSTOMER",44,"VARCHAR2"
"STTM_CUSTOMER",45,"VARCHAR2"
"STTM_CUSTOMER",46,"VARCHAR2"
"STTM_CUSTOMER",47,"VARCHAR2"
"STTM_CUSTOMER",48,"VARCHAR2"
"STTM_CUSTOMER",49,"VARCHAR2"
"STTM_CUSTOMER",50,"VARCHAR2"
"STTM_CUSTOMER",51,"VARCHAR2"
"STTM_CUSTOMER",52,"VARCHAR2"
"STTM_CUSTOMER",53,"VARCHAR2"
"STTM_CUSTOMER",54,"VARCHAR2"
"STTM_CUSTOMER",55,"VARCHAR2"
"STTM_CUSTOMER",56,"VARCHAR2"
"STTM_CUSTOMER",57,"VARCHAR2"
"STTM_CUSTOMER",58,"VARCHAR2"
"STTM_CUSTOMER",59,"CHAR"
"STTM_CUSTOMER",60,"VARCHAR2"
"STTM_CUSTOMER",61,"CHAR"
"STTM_CUSTOMER",62,"VARCHAR2"
"STTM_CUSTOMER",63,"VARCHAR2"
"STTM_CUSTOMER",64,"VARCHAR2"
"STTM_CUSTOMER",65,"VARCHAR2"
"STTM_CUSTOMER",66,"DATE"
"STTM_CUSTOMER",67,"VARCHAR2"
"STTM_CUSTOMER",68,"VARCHAR2"
"STTM_CUSTOMER",69,"VARCHAR2"
"STTM_CUSTOMER",70,"VARCHAR2"
"STTM_CUSTOMER",71,"VARCHAR2"
"STTM_CUSTOMER",72,"VARCHAR2"
"STTM_CUSTOMER",73,"VARCHAR2"
"STTM_CUSTOMER",74,"VARCHAR2"
"STTM_CUSTOMER",75,"VARCHAR2"
"STTM_CUSTOMER",76,"VARCHAR2"
"STTM_CUSTOMER",77,"VARCHAR2"
"STTM_CUSTOMER",78,"VARCHAR2"
"STTM_CUSTOMER",79,"VARCHAR2"
"STTM_CUSTOMER",80,"VARCHAR2"
"STTM_CUSTOMER",81,"VARCHAR2"
"STTM_CUSTOMER",82,"VARCHAR2"
"STTM_CUSTOMER",83,"VARCHAR2"
"STTM_CUSTOMER",84,"VARCHAR2"
"STTM_CUSTOMER",85,"VARCHAR2"
"STTM_CUSTOMER",86,"DATE"
"STTM_CUSTOMER",87,"NUMBER"
"STTM_CUSTOMER",88,"VARCHAR2"
"STTM_CUSTOMER",89,"VARCHAR2"
"STTM_CUSTOMER",90,"VARCHAR2"
"STTM_CUSTOMER",91,"VARCHAR2"
"STTM_CUSTOMER",92,"VARCHAR2"
"STTM_CUSTOMER",93,"VARCHAR2"
"STTM_CUSTOMER",94,"VARCHAR2"
"STTM_CUSTOMER",95,"VARCHAR2"
"STTM_CUSTOMER",96,"VARCHAR2"
"STTM_CUSTOMER",97,"NUMBER"
"STTM_CUSTOMER",98,"VARCHAR2"
"STTM_CUSTOMER",99,"VARCHAR2"
"STTM_CUSTOMER",100,"CHAR"
"STTM_CUSTOMER",101,"VARCHAR2"
"STTM_CUSTOMER",102,"CHAR"
"STTM_CUSTOMER",103,"VARCHAR2"
"STTM_CUSTOMER",104,"VARCHAR2"
"STTM_CUSTOMER",105,"VARCHAR2"
"STTM_CUSTOMER",106,"VARCHAR2"
"STTM_CUSTOMER",107,"VARCHAR2"
"STTM_CUSTOMER",108,"VARCHAR2"
"STTM_CUSTOMER",109,"VARCHAR2"
"STTM_CUSTOMER",1,"VARCHAR2"
"CLTB_ACCOUNT_SCHEDULES",2,"VARCHAR2"
"CLTB_ACCOUNT_SCHEDULES",3,"VARCHAR2"
"CLTB_ACCOUNT_SCHEDULES",4,"VARCHAR2"
"CLTB_ACCOUNT_SCHEDULES",5,"VARCHAR2"
"CLTB_ACCOUNT_SCHEDULES",6,"DATE"
"CLTB_ACCOUNT_SCHEDULES",7,"DATE"
"CLTB_ACCOUNT_SCHEDULES",8,"NUMBER"
"CLTB_ACCOUNT_SCHEDULES",9,"NUMBER"
"CLTB_ACCOUNT_SCHEDULES",10,"NUMBER"
"CLTB_ACCOUNT_SCHEDULES",11,"NUMBER"
"CLTB_ACCOUNT_SCHEDULES",12,"NUMBER"
"CLTB_ACCOUNT_SCHEDULES",13,"NUMBER"
"CLTB_ACCOUNT_SCHEDULES",14,"NUMBER"
"CLTB_ACCOUNT_SCHEDULES",15,"VARCHAR2"
"CLTB_ACCOUNT_SCHEDULES",16,"NUMBER"
"CLTB_ACCOUNT_SCHEDULES",17,"NUMBER"
"CLTB_ACCOUNT_SCHEDULES",18,"NUMBER"
"CLTB_ACCOUNT_SCHEDULES",19,"VARCHAR2"
"CLTB_ACCOUNT_SCHEDULES",20,"VARCHAR2"
"CLTB_ACCOUNT_SCHEDULES",21,"NUMBER"
"CLTB_ACCOUNT_SCHEDULES",22,"DATE"
"CLTB_ACCOUNT_SCHEDULES",23,"VARCHAR2"
"CLTB_ACCOUNT_SCHEDULES",24,"NUMBER"
"CLTB_ACCOUNT_SCHEDULES",25,"NUMBER"
"CLTB_ACCOUNT_SCHEDULES",26,"NUMBER"
"CLTB_ACCOUNT_SCHEDULES",27,"VARCHAR2"
"CLTB_ACCOUNT_SCHEDULES",28,"VARCHAR2"
"CLTB_ACCOUNT_SCHEDULES",29,"DATE"
"CLTB_ACCOUNT_SCHEDULES",30,"DATE"
"CLTB_ACCOUNT_SCHEDULES",31,"NUMBER"
"CLTB_ACCOUNT_SCHEDULES",32,"NUMBER"
"CLTB_ACCOUNT_SCHEDULES",33,"NUMBER"
"CLTB_ACCOUNT_SCHEDULES",34,"NUMBER"
"CLTB_ACCOUNT_SCHEDULES",35,"NUMBER"
"CLTB_ACCOUNT_SCHEDULES",36,"NUMBER"
"CLTB_ACCOUNT_SCHEDULES",37,"NUMBER"
"CLTB_ACCOUNT_SCHEDULES",38,"NUMBER"
"CLTB_ACCOUNT_SCHEDULES",39,"NUMBER"
"CLTB_ACCOUNT_SCHEDULES",40,"NUMBER"
"CLTB_ACCOUNT_SCHEDULES",41,"NUMBER"
"CLTB_ACCOUNT_SCHEDULES",42,"NUMBER"
"CLTB_ACCOUNT_SCHEDULES",43,"CHAR"
"CLTB_ACCOUNT_SCHEDULES",44,"VARCHAR2"
"CLTB_ACCOUNT_SCHEDULES",45,"VARCHAR2"
"CLTB_ACCOUNT_SCHEDULES",46,"DATE"
"CLTB_ACCOUNT_SCHEDULES",1,"VARCHAR2"
"STTM_KYC_RETAIL",1,"VARCHAR2"
"STTM_KYC_RETAIL",2,"VARCHAR2"
"STTM_KYC_RETAIL",3,"VARCHAR2"
"STTM_KYC_RETAIL",4,"VARCHAR2"
"STTM_KYC_RETAIL",5,"VARCHAR2"
"STTM_KYC_RETAIL",6,"VARCHAR2"
"STTM_KYC_RETAIL",7,"VARCHAR2"
"STTM_KYC_RETAIL",8,"DATE"
"STTM_KYC_RETAIL",9,"VARCHAR2"
"STTM_KYC_RETAIL",10,"VARCHAR2"
"STTM_KYC_RETAIL",11,"VARCHAR2"
"STTM_KYC_RETAIL",12,"DATE"
"STTM_KYC_RETAIL",13,"VARCHAR2"
"STTM_KYC_RETAIL",14,"DATE"
"STTM_KYC_RETAIL",15,"VARCHAR2"
"STTM_KYC_RETAIL",16,"VARCHAR2"
"STTM_KYC_RETAIL",17,"VARCHAR2"
"STTM_KYC_RETAIL",18,"VARCHAR2"
"STTM_KYC_RETAIL",19,"VARCHAR2"
"STTM_KYC_RETAIL",20,"VARCHAR2"
"STTM_KYC_RETAIL",21,"VARCHAR2"
"STTM_KYC_RETAIL",22,"VARCHAR2"
"STTM_KYC_RETAIL",23,"VARCHAR2"
"STTM_KYC_RETAIL",24,"VARCHAR2"
"STTM_KYC_RETAIL",25,"VARCHAR2"
"STTM_KYC_RETAIL",26,"NUMBER"
"STTM_KYC_RETAIL",27,"NUMBER"
"STTM_KYC_RETAIL",28,"VARCHAR2"
"STTM_KYC_RETAIL",29,"VARCHAR2"
"STTM_KYC_RETAIL",30,"VARCHAR2"
"STTM_KYC_RETAIL",31,"VARCHAR2"
"STTM_KYC_RETAIL",32,"DATE"
"STTM_KYC_RETAIL",33,"VARCHAR2"
"STTM_KYC_RETAIL",34,"VARCHAR2"
"STTM_KYC_RETAIL",35,"VARCHAR2"
"STTM_KYC_RETAIL",36,"VARCHAR2"
"STTM_KYC_RETAIL",37,"VARCHAR2"
"STTM_KYC_RETAIL",38,"VARCHAR2"
"STTM_KYC_RETAIL",39,"VARCHAR2"
"STTM_KYC_RETAIL",40,"VARCHAR2"
"STTM_KYC_RETAIL",41,"NUMBER"
"STTM_KYC_RETAIL",42,"NUMBER"
"STTM_KYC_RETAIL",43,"NUMBER"
"STTM_KYC_RETAIL",44,"NUMBER"
"STTM_KYC_RETAIL",45,"VARCHAR2"
"STTM_KYC_RETAIL",46,"VARCHAR2"
"STTM_KYC_RETAIL",47,"VARCHAR2"
"STTM_KYC_RETAIL",48,"NUMBER"
"STTM_KYC_RETAIL",49,"VARCHAR2"
"STTM_KYC_RETAIL",50,"VARCHAR2"
"STTM_KYC_RETAIL",51,"VARCHAR2"
"CSTB_AMOUNT_TAG",1,"VARCHAR2"
"CSTB_AMOUNT_TAG",2,"VARCHAR2"
"CSTB_AMOUNT_TAG",3,"VARCHAR2"
"CSTB_AMOUNT_TAG",4,"VARCHAR2"
"CSTB_AMOUNT_TAG",5,"CHAR"
"CSTB_AMOUNT_TAG",6,"CHAR"
"CSTB_AMOUNT_TAG",7,"CHAR"
"CSTB_AMOUNT_TAG",8,"CHAR"
"CSTB_AMOUNT_TAG",9,"CHAR"
"CSTB_AMOUNT_TAG",10,"CHAR"
"CSTB_AMOUNT_TAG",11,"CHAR"
"CSTB_AMOUNT_TAG",12,"CHAR"
"CSTB_AMOUNT_TAG",13,"CHAR"
"CSTB_AMOUNT_TAG",14,"VARCHAR2"
"CSTB_AMOUNT_TAG",15,"VARCHAR2"
"CSTB_AMOUNT_TAG",16,"VARCHAR2"
"CSTB_AMOUNT_TAG",17,"VARCHAR2"
"CSTB_AMOUNT_TAG",18,"VARCHAR2"
"CSTB_AMOUNT_TAG",19,"VARCHAR2"
"CSTB_AMOUNT_TAG",20,"VARCHAR2"
"STTM_KYC_MASTER",1,"VARCHAR2"
"STTM_KYC_MASTER",2,"VARCHAR2"
"STTM_KYC_MASTER",3,"VARCHAR2"
"STTM_KYC_MASTER",4,"VARCHAR2"
"STTM_KYC_MASTER",5,"VARCHAR2"
"STTM_KYC_MASTER",6,"VARCHAR2"
"STTM_KYC_MASTER",7,"VARCHAR2"
"STTM_KYC_MASTER",8,"VARCHAR2"
"STTM_KYC_MASTER",9,"DATE"
"STTM_KYC_MASTER",10,"VARCHAR2"
"STTM_KYC_MASTER",11,"DATE"
"STTM_KYC_MASTER",12,"NUMBER"
"STTM_CUSTOMER_CAT",1,"VARCHAR2"
"STTM_CUSTOMER_CAT",2,"VARCHAR2"
"STTM_CUSTOMER_CAT",3,"CHAR"
"STTM_CUSTOMER_CAT",4,"CHAR"
"STTM_CUSTOMER_CAT",5,"NUMBER"
"STTM_CUSTOMER_CAT",6,"VARCHAR2"
"STTM_CUSTOMER_CAT",7,"DATE"
"STTM_CUSTOMER_CAT",8,"VARCHAR2"
"STTM_CUSTOMER_CAT",9,"DATE"
"STTM_CUSTOMER_CAT",10,"CHAR"
"STTM_CUSTOMER_CAT",11,"CHAR"
"FBTM_BRANCH_INFO",1,"VARCHAR2"
"FBTM_BRANCH_INFO",2,"VARCHAR2"
"FBTM_BRANCH_INFO",3,"VARCHAR2"
"FBTM_BRANCH_INFO",4,"VARCHAR2"
"FBTM_BRANCH_INFO",5,"VARCHAR2"
"FBTM_BRANCH_INFO",6,"VARCHAR2"
"FBTM_BRANCH_INFO",7,"VARCHAR2"
"FBTM_BRANCH_INFO",8,"DATE"
"FBTM_BRANCH_INFO",9,"DATE"
"FBTM_BRANCH_INFO",10,"VARCHAR2"
"FBTM_BRANCH_INFO",11,"NUMBER"
"FBTM_BRANCH_INFO",12,"VARCHAR2"
"FBTM_BRANCH_INFO",13,"VARCHAR2"
"SMTB_ROLE_DETAIL",1,"VARCHAR2"
"SMTB_ROLE_DETAIL",2,"VARCHAR2"
"SMTB_ROLE_DETAIL",3,"VARCHAR2"
"SMTB_ROLE_DETAIL",4,"NUMBER"
"SMTB_ROLE_DETAIL",5,"NUMBER"
"SMTB_ROLE_DETAIL",6,"NUMBER"
"SMTB_ROLE_DETAIL",7,"NUMBER"
"SMTB_ROLE_DETAIL",8,"NUMBER"
"SMTB_ROLE_DETAIL",9,"NUMBER"
"SMTB_ROLE_DETAIL",10,"NUMBER"
"SMTB_ROLE_DETAIL",11,"NUMBER"
"SMTB_ROLE_DETAIL",12,"NUMBER"
"SMTB_ROLE_DETAIL",13,"NUMBER"
"SMTB_ROLE_DETAIL",14,"NUMBER"
"SMTB_ROLE_DETAIL",15,"NUMBER"
"SMTB_ROLE_DETAIL",16,"NUMBER"
"SMTB_ROLE_DETAIL",17,"NUMBER"
"SMTB_ROLE_DETAIL",18,"NUMBER"
"SMTB_ROLE_DETAIL",19,"NUMBER"
"SMTB_ROLE_DETAIL",20,"CHAR"
"SMTB_ROLE_DETAIL",21,"VARCHAR2"
"SMTB_ROLE_DETAIL",22,"VARCHAR2"
"CLTM_PRODUCT_COMP_FRM_EXPR",1,"VARCHAR2"
"CLTM_PRODUCT_COMP_FRM_EXPR",2,"VARCHAR2"
"CLTM_PRODUCT_COMP_FRM_EXPR",3,"VARCHAR2"
"CLTM_PRODUCT_COMP_FRM_EXPR",4,"NUMBER"
"CLTM_PRODUCT_COMP_FRM_EXPR",5,"VARCHAR2"
"CLTM_PRODUCT_COMP_FRM_EXPR",6,"VARCHAR2"
"CLTM_PRODUCT_COMP_FRM_EXPR",7,"VARCHAR2"
"CLTM_PRODUCT_COMP_FRM_EXPR",8,"VARCHAR2"
"STTM_KYC_CORPORATE",1,"VARCHAR2"
"STTM_KYC_CORPORATE",2,"VARCHAR2"
"STTM_KYC_CORPORATE",3,"VARCHAR2"
"STTM_KYC_CORPORATE",4,"VARCHAR2"
"STTM_KYC_CORPORATE",5,"VARCHAR2"
"STTM_KYC_CORPORATE",6,"VARCHAR2"
"STTM_KYC_CORPORATE",7,"VARCHAR2"
"STTM_KYC_CORPORATE",8,"VARCHAR2"
"STTM_KYC_CORPORATE",9,"VARCHAR2"
"STTM_KYC_CORPORATE",10,"VARCHAR2"
"STTM_KYC_CORPORATE",11,"VARCHAR2"
"STTM_KYC_CORPORATE",12,"NUMBER"
"STTM_KYC_CORPORATE",13,"VARCHAR2"
"STTM_KYC_CORPORATE",14,"NUMBER"
"STTM_KYC_CORPORATE",15,"VARCHAR2"
"STTM_KYC_CORPORATE",16,"VARCHAR2"
"STTM_KYC_CORPORATE",17,"DATE"
"STTM_KYC_CORPORATE",18,"VARCHAR2"
"STTM_KYC_CORPORATE",19,"DATE"
"STTM_KYC_CORPORATE",20,"VARCHAR2"
"STTM_KYC_CORPORATE",21,"DATE"
"STTM_KYC_CORPORATE",22,"DATE"
"STTM_KYC_CORPORATE",23,"VARCHAR2"
"STTM_KYC_CORPORATE",24,"DATE"
"STTM_KYC_CORPORATE",25,"VARCHAR2"
"STTM_KYC_CORPORATE",26,"VARCHAR2"
"STTM_KYC_CORPORATE",27,"VARCHAR2"
"STTM_KYC_CORPORATE",28,"VARCHAR2"
"STTM_ACCOUNT_CLASS",161,"CHAR"
"STTM_ACCOUNT_CLASS",162,"VARCHAR2"
"STTM_ACCOUNT_CLASS",163,"NUMBER"
"STTM_ACCOUNT_CLASS",164,"CHAR"
"STTM_ACCOUNT_CLASS",165,"VARCHAR2"
"STTM_ACCOUNT_CLASS",166,"VARCHAR2"
"STTM_ACCOUNT_CLASS",167,"NUMBER"
"STTM_ACCOUNT_CLASS",168,"VARCHAR2"
"STTM_ACCOUNT_CLASS",169,"VARCHAR2"
"STTM_ACCOUNT_CLASS",170,"VARCHAR2"
"STTM_ACCOUNT_CLASS",171,"VARCHAR2"
"STTM_ACCOUNT_CLASS",172,"VARCHAR2"
"STTM_ACCOUNT_CLASS",173,"VARCHAR2"
"STTM_ACCOUNT_CLASS",174,"VARCHAR2"
"STTM_ACCOUNT_CLASS",175,"NUMBER"
"STTM_ACCOUNT_CLASS",176,"NUMBER"
"STTM_ACCOUNT_CLASS",177,"NUMBER"
"STTM_ACCOUNT_CLASS",178,"NUMBER"
"STTM_ACCOUNT_CLASS",179,"VARCHAR2"
"STTM_ACCOUNT_CLASS",180,"VARCHAR2"
"STTM_ACCOUNT_CLASS",181,"VARCHAR2"
"STTM_ACCOUNT_CLASS",182,"VARCHAR2"
"STTM_ACCOUNT_CLASS",183,"VARCHAR2"
"STTM_ACCOUNT_CLASS",184,"VARCHAR2"
"STTM_ACCOUNT_CLASS",185,"VARCHAR2"
"STTM_ACCOUNT_CLASS",186,"VARCHAR2"
"STTM_ACCOUNT_CLASS",187,"VARCHAR2"
"STTM_ACCOUNT_CLASS",188,"VARCHAR2"
"STTM_ACCOUNT_CLASS",189,"VARCHAR2"
"STTM_ACCOUNT_CLASS",190,"VARCHAR2"
"STTM_ACCOUNT_CLASS",191,"VARCHAR2"
"STTM_ACCOUNT_CLASS",192,"VARCHAR2"
"STTM_ACCOUNT_CLASS",193,"VARCHAR2"
"STTM_ACCOUNT_CLASS",194,"VARCHAR2"
"STTM_ACCOUNT_CLASS",56,"VARCHAR2"
"STTM_ACCOUNT_CLASS",57,"NUMBER"
"STTM_ACCOUNT_CLASS",58,"NUMBER"
"STTM_ACCOUNT_CLASS",59,"VARCHAR2"
"STTM_ACCOUNT_CLASS",60,"VARCHAR2"
"STTM_ACCOUNT_CLASS",61,"VARCHAR2"
"STTM_ACCOUNT_CLASS",62,"VARCHAR2"
"STTM_ACCOUNT_CLASS",63,"VARCHAR2"
"STTM_ACCOUNT_CLASS",64,"VARCHAR2"
"STTM_ACCOUNT_CLASS",65,"CHAR"
"STTM_ACCOUNT_CLASS",66,"VARCHAR2"
"STTM_ACCOUNT_CLASS",67,"VARCHAR2"
"STTM_ACCOUNT_CLASS",68,"CHAR"
"STTM_ACCOUNT_CLASS",69,"NUMBER"
"STTM_ACCOUNT_CLASS",70,"NUMBER"
"STTM_ACCOUNT_CLASS",71,"NUMBER"
"STTM_ACCOUNT_CLASS",72,"NUMBER"
"STTM_ACCOUNT_CLASS",73,"NUMBER"
"STTM_ACCOUNT_CLASS",74,"NUMBER"
"STTM_ACCOUNT_CLASS",75,"CHAR"
"STTM_ACCOUNT_CLASS",76,"VARCHAR2"
"STTM_ACCOUNT_CLASS",77,"VARCHAR2"
"STTM_ACCOUNT_CLASS",78,"VARCHAR2"
"STTM_ACCOUNT_CLASS",79,"VARCHAR2"
"STTM_ACCOUNT_CLASS",80,"VARCHAR2"
"STTM_ACCOUNT_CLASS",81,"CHAR"
"STTM_ACCOUNT_CLASS",82,"VARCHAR2"
"STTM_ACCOUNT_CLASS",83,"CHAR"
"STTM_ACCOUNT_CLASS",84,"NUMBER"
"STTM_ACCOUNT_CLASS",85,"NUMBER"
"STTM_ACCOUNT_CLASS",86,"VARCHAR2"
"STTM_ACCOUNT_CLASS",87,"CHAR"
"STTM_ACCOUNT_CLASS",88,"CHAR"
"STTM_ACCOUNT_CLASS",89,"VARCHAR2"
"STTM_ACCOUNT_CLASS",90,"VARCHAR2"
"STTM_ACCOUNT_CLASS",91,"DATE"
"STTM_ACCOUNT_CLASS",92,"NUMBER"
"STTM_ACCOUNT_CLASS",93,"NUMBER"
"STTM_ACCOUNT_CLASS",94,"NUMBER"
"STTM_ACCOUNT_CLASS",95,"NUMBER"
"STTM_ACCOUNT_CLASS",96,"NUMBER"
"STTM_ACCOUNT_CLASS",97,"NUMBER"
"STTM_ACCOUNT_CLASS",98,"NUMBER"
"STTM_ACCOUNT_CLASS",99,"NUMBER"
"STTM_ACCOUNT_CLASS",100,"NUMBER"
"STTM_ACCOUNT_CLASS",101,"VARCHAR2"
"STTM_ACCOUNT_CLASS",102,"NUMBER"
"STTM_ACCOUNT_CLASS",103,"CHAR"
"STTM_ACCOUNT_CLASS",104,"CHAR"
"STTM_ACCOUNT_CLASS",105,"CHAR"
"STTM_ACCOUNT_CLASS",106,"CHAR"
"STTM_ACCOUNT_CLASS",107,"VARCHAR2"
"STTM_ACCOUNT_CLASS",108,"VARCHAR2"
"STTM_ACCOUNT_CLASS",109,"CHAR"
"STTM_ACCOUNT_CLASS",110,"VARCHAR2"
"STTM_ACCOUNT_CLASS",111,"VARCHAR2"
"STTM_ACCOUNT_CLASS",112,"VARCHAR2"
"STTM_ACCOUNT_CLASS",113,"VARCHAR2"
"STTM_ACCOUNT_CLASS",114,"VARCHAR2"
"STTM_ACCOUNT_CLASS",115,"VARCHAR2"
"STTM_ACCOUNT_CLASS",116,"NUMBER"
"STTM_ACCOUNT_CLASS",117,"NUMBER"
"STTM_ACCOUNT_CLASS",118,"VARCHAR2"
"STTM_ACCOUNT_CLASS",119,"VARCHAR2"
"STTM_ACCOUNT_CLASS",120,"VARCHAR2"
"STTM_ACCOUNT_CLASS",121,"VARCHAR2"
"STTM_ACCOUNT_CLASS",122,"VARCHAR2"
"STTM_ACCOUNT_CLASS",123,"VARCHAR2"
"STTM_ACCOUNT_CLASS",124,"VARCHAR2"
"STTM_ACCOUNT_CLASS",125,"VARCHAR2"
"STTM_ACCOUNT_CLASS",126,"VARCHAR2"
"STTM_ACCOUNT_CLASS",127,"VARCHAR2"
"STTM_ACCOUNT_CLASS",128,"VARCHAR2"
"STTM_ACCOUNT_CLASS",129,"DATE"
"STTM_ACCOUNT_CLASS",130,"VARCHAR2"
"STTM_ACCOUNT_CLASS",131,"VARCHAR2"
"STTM_ACCOUNT_CLASS",132,"VARCHAR2"
"STTM_ACCOUNT_CLASS",133,"NUMBER"
"STTM_ACCOUNT_CLASS",134,"VARCHAR2"
"STTM_ACCOUNT_CLASS",135,"VARCHAR2"
"STTM_ACCOUNT_CLASS",136,"VARCHAR2"
"STTM_ACCOUNT_CLASS",137,"VARCHAR2"
"STTM_ACCOUNT_CLASS",138,"CHAR"
"STTM_ACCOUNT_CLASS",139,"CHAR"
"STTM_ACCOUNT_CLASS",140,"VARCHAR2"
"STTM_ACCOUNT_CLASS",141,"VARCHAR2"
"STTM_ACCOUNT_CLASS",142,"VARCHAR2"
"STTM_ACCOUNT_CLASS",143,"NUMBER"
"STTM_ACCOUNT_CLASS",144,"CHAR"
"STTM_ACCOUNT_CLASS",145,"VARCHAR2"
"STTM_ACCOUNT_CLASS",146,"DATE"
"STTM_ACCOUNT_CLASS",147,"VARCHAR2"
"STTM_ACCOUNT_CLASS",148,"VARCHAR2"
"STTM_ACCOUNT_CLASS",149,"VARCHAR2"
"STTM_ACCOUNT_CLASS",150,"VARCHAR2"
"STTM_ACCOUNT_CLASS",151,"VARCHAR2"
"STTM_ACCOUNT_CLASS",152,"VARCHAR2"
"STTM_ACCOUNT_CLASS",153,"VARCHAR2"
"STTM_ACCOUNT_CLASS",154,"VARCHAR2"
"STTM_ACCOUNT_CLASS",155,"NUMBER"
"STTM_ACCOUNT_CLASS",156,"NUMBER"
"STTM_ACCOUNT_CLASS",157,"NUMBER"
"STTM_ACCOUNT_CLASS",158,"VARCHAR2"
"STTM_ACCOUNT_CLASS",159,"VARCHAR2"
"STTM_ACCOUNT_CLASS",160,"NUMBER"
"STTM_ACCOUNT_CLASS",1,"VARCHAR2"
"STTM_ACCOUNT_CLASS",2,"VARCHAR2"
"STTM_ACCOUNT_CLASS",3,"CHAR"
"STTM_ACCOUNT_CLASS",4,"NUMBER"
"STTM_ACCOUNT_CLASS",5,"CHAR"
"STTM_ACCOUNT_CLASS",6,"CHAR"
"STTM_ACCOUNT_CLASS",7,"NUMBER"
"STTM_ACCOUNT_CLASS",8,"CHAR"
"STTM_ACCOUNT_CLASS",9,"CHAR"
"STTM_ACCOUNT_CLASS",10,"CHAR"
"STTM_ACCOUNT_CLASS",11,"CHAR"
"STTM_ACCOUNT_CLASS",12,"CHAR"
"STTM_ACCOUNT_CLASS",13,"CHAR"
"STTM_ACCOUNT_CLASS",14,"CHAR"
"STTM_ACCOUNT_CLASS",15,"VARCHAR2"
"STTM_ACCOUNT_CLASS",16,"VARCHAR2"
"STTM_ACCOUNT_CLASS",17,"CHAR"
"STTM_ACCOUNT_CLASS",18,"VARCHAR2"
"STTM_ACCOUNT_CLASS",19,"VARCHAR2"
"STTM_ACCOUNT_CLASS",20,"VARCHAR2"
"STTM_ACCOUNT_CLASS",21,"VARCHAR2"
"STTM_ACCOUNT_CLASS",22,"CHAR"
"STTM_ACCOUNT_CLASS",23,"CHAR"
"STTM_ACCOUNT_CLASS",24,"CHAR"
"STTM_ACCOUNT_CLASS",25,"NUMBER"
"STTM_ACCOUNT_CLASS",26,"CHAR"
"STTM_ACCOUNT_CLASS",27,"CHAR"
"STTM_ACCOUNT_CLASS",28,"CHAR"
"STTM_ACCOUNT_CLASS",29,"VARCHAR2"
"STTM_ACCOUNT_CLASS",30,"DATE"
"STTM_ACCOUNT_CLASS",31,"VARCHAR2"
"STTM_ACCOUNT_CLASS",32,"DATE"
"STTM_ACCOUNT_CLASS",33,"CHAR"
"STTM_ACCOUNT_CLASS",34,"CHAR"
"STTM_ACCOUNT_CLASS",35,"CHAR"
"STTM_ACCOUNT_CLASS",36,"CHAR"
"STTM_ACCOUNT_CLASS",37,"NUMBER"
"STTM_ACCOUNT_CLASS",38,"VARCHAR2"
"STTM_ACCOUNT_CLASS",39,"VARCHAR2"
"STTM_ACCOUNT_CLASS",40,"CHAR"
"STTM_ACCOUNT_CLASS",41,"NUMBER"
"STTM_ACCOUNT_CLASS",42,"NUMBER"
"STTM_ACCOUNT_CLASS",43,"NUMBER"
"STTM_ACCOUNT_CLASS",44,"CHAR"
"STTM_ACCOUNT_CLASS",45,"CHAR"
"STTM_ACCOUNT_CLASS",46,"CHAR"
"STTM_ACCOUNT_CLASS",47,"VARCHAR2"
"STTM_ACCOUNT_CLASS",48,"CHAR"
"STTM_ACCOUNT_CLASS",49,"CHAR"
"STTM_ACCOUNT_CLASS",50,"NUMBER"
"STTM_ACCOUNT_CLASS",51,"CHAR"
"STTM_ACCOUNT_CLASS",52,"CHAR"
"STTM_ACCOUNT_CLASS",53,"NUMBER"
"STTM_ACCOUNT_CLASS",54,"VARCHAR2"
"STTM_ACCOUNT_CLASS",55,"VARCHAR2"
"STTM_TRN_CODE",1,"VARCHAR2"
"STTM_TRN_CODE",2,"VARCHAR2"
"STTM_TRN_CODE",3,"VARCHAR2"
"STTM_TRN_CODE",4,"CHAR"
"STTM_TRN_CODE",5,"CHAR"
"STTM_TRN_CODE",6,"CHAR"
"STTM_TRN_CODE",7,"CHAR"
"STTM_TRN_CODE",8,"CHAR"
"STTM_TRN_CODE",9,"VARCHAR2"
"STTM_TRN_CODE",10,"NUMBER"
"STTM_TRN_CODE",11,"DATE"
"STTM_TRN_CODE",12,"CHAR"
"STTM_TRN_CODE",13,"CHAR"
"STTM_TRN_CODE",14,"CHAR"
"STTM_TRN_CODE",15,"VARCHAR2"
"STTM_TRN_CODE",16,"CHAR"
"STTM_TRN_CODE",17,"NUMBER"
"STTM_TRN_CODE",18,"DATE"
"STTM_TRN_CODE",19,"VARCHAR2"
"STTM_TRN_CODE",20,"NUMBER"
"STTM_TRN_CODE",21,"VARCHAR2"
"STTM_TRN_CODE",22,"CHAR"
"STTM_TRN_CODE",23,"CHAR"
"STTM_TRN_CODE",24,"VARCHAR2"
"STTM_TRN_CODE",25,"VARCHAR2"
"STTM_TRN_CODE",26,"CHAR"
"STTM_TRN_CODE",27,"CHAR"
"STTM_TRN_CODE",28,"VARCHAR2"
"STTM_TRN_CODE",29,"VARCHAR2"
"STTM_TRN_CODE",30,"VARCHAR2"
"STTM_TRN_CODE",31,"VARCHAR2"
"STTM_TRN_CODE",32,"CHAR"
"STTM_TRN_CODE",33,"VARCHAR2"
"STTM_TRN_CODE",34,"VARCHAR2"
"STTM_TRN_CODE",35,"VARCHAR2"
"STTM_TRN_CODE",36,"VARCHAR2"
"STTM_TRN_CODE",37,"VARCHAR2"
"STTM_TRN_CODE",38,"VARCHAR2"
"STTM_TRN_CODE",39,"VARCHAR2"
"ICTM_PR_INT_UDEVALS",1,"VARCHAR2"
"ICTM_PR_INT_UDEVALS",2,"VARCHAR2"
"ICTM_PR_INT_UDEVALS",3,"VARCHAR2"
"ICTM_PR_INT_UDEVALS",4,"DATE"
"ICTM_PR_INT_UDEVALS",5,"VARCHAR2"
"ICTM_PR_INT_UDEVALS",6,"NUMBER"
"ICTM_PR_INT_UDEVALS",7,"VARCHAR2"
"ICTM_PR_INT_UDEVALS",8,"VARCHAR2"
"ICTM_PR_INT_UDEVALS",9,"VARCHAR2"
"STTM_KYC_CORP_KEYPERSONS",1,"VARCHAR2"
"STTM_KYC_CORP_KEYPERSONS",2,"VARCHAR2"
"STTM_KYC_CORP_KEYPERSONS",3,"VARCHAR2"
"STTM_KYC_CORP_KEYPERSONS",4,"VARCHAR2"
"STTM_KYC_CORP_KEYPERSONS",5,"VARCHAR2"
"STTM_KYC_CORP_KEYPERSONS",6,"VARCHAR2"
"STTM_KYC_CORP_KEYPERSONS",7,"NUMBER"
"STTM_KYC_CORP_KEYPERSONS",8,"VARCHAR2"
"STTM_KYC_CORP_KEYPERSONS",9,"NUMBER"
"STTM_KYC_CORP_KEYPERSONS",10,"VARCHAR2"
"STTM_KYC_CORP_KEYPERSONS",11,"VARCHAR2"
"STTM_KYC_CORP_KEYPERSONS",12,"VARCHAR2"
"ICTM_EXPR",1,"VARCHAR2"
"ICTM_EXPR",2,"NUMBER"
"ICTM_EXPR",3,"NUMBER"
"ICTM_EXPR",4,"VARCHAR2"
"ICTM_EXPR",5,"VARCHAR2"
"SMTB_USER",2,"VARCHAR2"
"SMTB_USER",3,"DATE"
"SMTB_USER",4,"VARCHAR2"
"SMTB_USER",5,"VARCHAR2"
"SMTB_USER",6,"DATE"
"SMTB_USER",7,"CHAR"
"SMTB_USER",8,"CHAR"
"SMTB_USER",9,"CHAR"
"SMTB_USER",10,"CHAR"
"SMTB_USER",11,"NUMBER"
"SMTB_USER",12,"NUMBER"
"SMTB_USER",13,"CHAR"
"SMTB_USER",14,"CHAR"
"SMTB_USER",15,"DATE"
"SMTB_USER",16,"DATE"
"SMTB_USER",17,"NUMBER"
"SMTB_USER",18,"NUMBER"
"SMTB_USER",19,"NUMBER"
"SMTB_USER",20,"VARCHAR2"
"SMTB_USER",21,"VARCHAR2"
"SMTB_USER",22,"VARCHAR2"
"SMTB_USER",23,"NUMBER"
"SMTB_USER",24,"CHAR"
"SMTB_USER",25,"CHAR"
"SMTB_USER",26,"DATE"
"SMTB_USER",27,"VARCHAR2"
"SMTB_USER",28,"DATE"
"SMTB_USER",29,"VARCHAR2"
"SMTB_USER",30,"NUMBER"
"SMTB_USER",31,"CHAR"
"SMTB_USER",32,"CHAR"
"SMTB_USER",33,"VARCHAR2"
"SMTB_USER",34,"VARCHAR2"
"SMTB_USER",35,"VARCHAR2"
"SMTB_USER",36,"VARCHAR2"
"SMTB_USER",37,"CHAR"
"SMTB_USER",38,"VARCHAR2"
"SMTB_USER",39,"VARCHAR2"
"SMTB_USER",40,"VARCHAR2"
"SMTB_USER",41,"VARCHAR2"
"SMTB_USER",42,"VARCHAR2"
"SMTB_USER",43,"VARCHAR2"
"SMTB_USER",44,"VARCHAR2"
"SMTB_USER",45,"VARCHAR2"
"SMTB_USER",46,"VARCHAR2"
"SMTB_USER",47,"VARCHAR2"
"SMTB_USER",48,"VARCHAR2"
"SMTB_USER",49,"VARCHAR2"
"SMTB_USER",50,"VARCHAR2"
"SMTB_USER",51,"VARCHAR2"
"SMTB_USER",52,"VARCHAR2"
"SMTB_USER",53,"VARCHAR2"
"SMTB_USER",54,"VARCHAR2"
"SMTB_USER",55,"VARCHAR2"
"SMTB_USER",56,"VARCHAR2"
"SMTB_USER",57,"VARCHAR2"
"SMTB_USER",58,"CHAR"
"SMTB_USER",59,"VARCHAR2"
"SMTB_USER",60,"CHAR"
"SMTB_USER",61,"VARCHAR2"
"SMTB_USER",62,"VARCHAR2"
"SMTB_USER",63,"VARCHAR2"
"SMTB_USER",64,"NUMBER"
"SMTB_USER",65,"VARCHAR2"
"SMTB_USER",66,"VARCHAR2"
"SMTB_USER",67,"VARCHAR2"
"SMTB_USER",68,"VARCHAR2"
"SMTB_USER",69,"VARCHAR2"
"SMTB_USER",1,"VARCHAR2"
"ICTM_ACC_UDEVALS",1,"VARCHAR2"
"ICTM_ACC_UDEVALS",2,"VARCHAR2"
"ICTM_ACC_UDEVALS",3,"VARCHAR2"
"ICTM_ACC_UDEVALS",4,"DATE"
"ICTM_ACC_UDEVALS",5,"VARCHAR2"
"ICTM_ACC_UDEVALS",6,"NUMBER"
"ICTM_ACC_UDEVALS",7,"VARCHAR2"
"ICTM_ACC_UDEVALS",8,"CHAR"
"ICTM_ACC_UDEVALS",9,"CHAR"
"ICTM_ACC_UDEVALS",10,"NUMBER"
"ICTM_ACC_UDEVALS",11,"NUMBER"
"ICTM_ACC_UDEVALS",12,"VARCHAR2"
"ICTM_ACC_UDEVALS",13,"NUMBER"
"SMTB_USER_TILLS",1,"VARCHAR2"
"SMTB_USER_TILLS",2,"VARCHAR2"
"SMTB_USER_TILLS",3,"VARCHAR2"
"SMTB_MODULES",1,"VARCHAR2"
"SMTB_MODULES",2,"VARCHAR2"
"SMTB_MODULES",3,"CHAR"
"SMTB_MODULES",4,"CHAR"
"SMTB_MODULES",5,"CHAR"
"SMTB_MODULES",6,"CHAR"
"SMTB_MODULES",7,"CHAR"
"SMTB_MODULES",8,"CHAR"
"SMTB_MODULES",9,"CHAR"
"SMTB_MODULES",10,"CHAR"
"SMTB_MODULES",11,"VARCHAR2"
"SMTB_MODULES",12,"VARCHAR2"
"SMTB_MODULES",13,"DATE"
"SMTB_MODULES",14,"VARCHAR2"
"SMTB_MODULES",15,"DATE"
"SMTB_MODULES",16,"NUMBER"
"SMTB_MODULES",17,"VARCHAR2"
"SMTB_MODULES",18,"VARCHAR2"
"SMTB_MODULES",19,"VARCHAR2"
"SMTB_MODULES",20,"CHAR"
"SMTB_MODULES",21,"VARCHAR2"
"SMTB_MODULES",22,"VARCHAR2"
"SMTB_MODULES",23,"VARCHAR2"
"FBTM_BRANCH",1,"VARCHAR2"
"FBTM_BRANCH",2,"VARCHAR2"
"FBTM_BRANCH",3,"CHAR"
"SMTB_FUNCTION_DESCRIPTION",1,"VARCHAR2"
"SMTB_FUNCTION_DESCRIPTION",2,"VARCHAR2"
"SMTB_FUNCTION_DESCRIPTION",3,"VARCHAR2"
"SMTB_FUNCTION_DESCRIPTION",4,"VARCHAR2"
"SMTB_FUNCTION_DESCRIPTION",5,"VARCHAR2"
"SMTB_FUNCTION_DESCRIPTION",6,"VARCHAR2"
"SMTB_FUNCTION_DESCRIPTION",7,"VARCHAR2"
"SMTB_FUNCTION_DESCRIPTION",8,"VARCHAR2"
"SMTB_FUNCTION_DESCRIPTION",9,"VARCHAR2"
"SMTB_FUNCTION_DESCRIPTION",10,"VARCHAR2"
"SMTB_ROLE_MASTER",1,"VARCHAR2"
"SMTB_ROLE_MASTER",2,"VARCHAR2"
"SMTB_ROLE_MASTER",3,"CHAR"
"SMTB_ROLE_MASTER",4,"CHAR"
"SMTB_ROLE_MASTER",5,"VARCHAR2"
"SMTB_ROLE_MASTER",6,"DATE"
"SMTB_ROLE_MASTER",7,"VARCHAR2"
"SMTB_ROLE_MASTER",8,"DATE"
"SMTB_ROLE_MASTER",9,"NUMBER"
"SMTB_ROLE_MASTER",10,"CHAR"
"SMTB_ROLE_MASTER",11,"CHAR"
"SMTB_ROLE_MASTER",12,"CHAR"
"SMTB_ROLE_MASTER",13,"CHAR"
"SMTB_ROLE_MASTER",14,"VARCHAR2"
"SMTB_ROLE_MASTER",15,"NUMBER"
"SMTB_ROLE_MASTER",16,"NUMBER"
"SMTB_ROLE_MASTER",17,"VARCHAR2"
"SMTB_ROLE_MASTER",18,"VARCHAR2"
"SMTB_ROLE_MASTER",19,"VARCHAR2"
"SMTB_USER_ROLE",1,"VARCHAR2"
"SMTB_USER_ROLE",2,"VARCHAR2"
"SMTB_USER_ROLE",3,"CHAR"
"SMTB_USER_ROLE",4,"VARCHAR2"
"SMTB_PARAMETERS",7,"NUMBER"
"SMTB_PARAMETERS",8,"NUMBER"
"SMTB_PARAMETERS",9,"NUMBER"
"SMTB_PARAMETERS",10,"NUMBER"
"SMTB_PARAMETERS",11,"NUMBER"
"SMTB_PARAMETERS",12,"CHAR"
"SMTB_PARAMETERS",13,"CHAR"
"SMTB_PARAMETERS",14,"DATE"
"SMTB_PARAMETERS",15,"VARCHAR2"
"SMTB_PARAMETERS",16,"NUMBER"
"SMTB_PARAMETERS",17,"NUMBER"
"SMTB_PARAMETERS",18,"DATE"
"SMTB_PARAMETERS",19,"VARCHAR2"
"SMTB_PARAMETERS",20,"NUMBER"
"SMTB_PARAMETERS",21,"CHAR"
"SMTB_PARAMETERS",22,"CHAR"
"SMTB_PARAMETERS",23,"NUMBER"
"SMTB_PARAMETERS",24,"NUMBER"
"SMTB_PARAMETERS",25,"NUMBER"
"SMTB_PARAMETERS",26,"NUMBER"
"SMTB_PARAMETERS",27,"VARCHAR2"
"SMTB_PARAMETERS",28,"NUMBER"
"SMTB_PARAMETERS",29,"VARCHAR2"
"SMTB_PARAMETERS",30,"VARCHAR2"
"SMTB_PARAMETERS",31,"VARCHAR2"
"SMTB_PARAMETERS",32,"VARCHAR2"
"SMTB_PARAMETERS",33,"VARCHAR2"
"SMTB_PARAMETERS",34,"VARCHAR2"
"SMTB_PARAMETERS",35,"NUMBER"
"SMTB_PARAMETERS",36,"NUMBER"
"SMTB_PARAMETERS",37,"VARCHAR2"
"SMTB_PARAMETERS",38,"NUMBER"
"SMTB_PARAMETERS",39,"VARCHAR2"
"SMTB_PARAMETERS",40,"VARCHAR2"
"SMTB_PARAMETERS",1,"VARCHAR2"
"SMTB_PARAMETERS",2,"VARCHAR2"
"SMTB_PARAMETERS",3,"VARCHAR2"
"SMTB_PARAMETERS",4,"NUMBER"
"SMTB_PARAMETERS",5,"NUMBER"
"SMTB_PARAMETERS",6,"NUMBER"
"CYTB_RATES_HISTORY",4,"VARCHAR2"
"CYTB_RATES_HISTORY",5,"DATE"
"CYTB_RATES_HISTORY",6,"NUMBER"
"CYTB_RATES_HISTORY",7,"NUMBER"
"CYTB_RATES_HISTORY",8,"NUMBER"
"CYTB_RATES_HISTORY",9,"NUMBER"
"CYTB_RATES_HISTORY",10,"DATE"
"CYTB_RATES_HISTORY",1,"VARCHAR2"
"CYTB_RATES_HISTORY",2,"VARCHAR2"
"CYTB_RATES_HISTORY",3,"VARCHAR2"
"CYTB_DERIVED_RATES_HISTORY",1,"VARCHAR2"
"CYTB_DERIVED_RATES_HISTORY",2,"VARCHAR2"
"CYTB_DERIVED_RATES_HISTORY",3,"VARCHAR2"
"CYTB_DERIVED_RATES_HISTORY",4,"VARCHAR2"
"CYTB_DERIVED_RATES_HISTORY",5,"DATE"
"CYTB_DERIVED_RATES_HISTORY",6,"NUMBER"
"CYTB_DERIVED_RATES_HISTORY",7,"NUMBER"
"CYTB_DERIVED_RATES_HISTORY",8,"NUMBER"
"CYTB_DERIVED_RATES_HISTORY",9,"NUMBER"
"CYTB_DERIVED_RATES_HISTORY",10,"NUMBER"
"CYTB_DERIVED_RATES_HISTORY",11,"CHAR"
"CYTB_DERIVED_RATES_HISTORY",12,"DATE"
"CYTB_DERIVED_RATES_HISTORY",13,"NUMBER"
"GETM_FACILITY",,"VARCHAR2"
"GETM_FACILITY",20,"NUMBER"
"GETM_FACILITY",21,"NUMBER"
"GETM_FACILITY",22,"NUMBER"
"GETM_FACILITY",23,"NUMBER"
"GETM_FACILITY",24,"NUMBER"
"GETM_FACILITY",25,"VARCHAR2"
"GETM_FACILITY",26,"NUMBER"
"GETM_FACILITY",27,"VARCHAR2"
"GETM_FACILITY",28,"VARCHAR2"
"GETM_FACILITY",29,"VARCHAR2"
"GETM_FACILITY",30,"VARCHAR2"
"GETM_FACILITY",31,"NUMBER"
"GETM_FACILITY",32,"NUMBER"
"GETM_FACILITY",33,"VARCHAR2"
"GETM_FACILITY",34,"NUMBER"
"GETM_FACILITY",35,"NUMBER"
"GETM_FACILITY",36,"NUMBER"
"GETM_FACILITY",37,"DATE"
"GETM_FACILITY",38,"NUMBER"
"GETM_FACILITY",39,"NUMBER"
"GETM_FACILITY",40,"VARCHAR2"
"GETM_FACILITY",41,"VARCHAR2"
"GETM_FACILITY",42,"VARCHAR2"
"GETM_FACILITY",43,"NUMBER"
"GETM_FACILITY",44,"VARCHAR2"
"GETM_FACILITY",45,"DATE"
"GETM_FACILITY",46,"VARCHAR2"
"GETM_FACILITY",47,"VARCHAR2"
"GETM_FACILITY",48,"NUMBER"
"GETM_FACILITY",49,"VARCHAR2"
"GETM_FACILITY",50,"DATE"
"GETM_FACILITY",51,"VARCHAR2"
"GETM_FACILITY",52,"DATE"
"GETM_FACILITY",53,"VARCHAR2"
"GETM_FACILITY",54,"NUMBER"
"GETM_FACILITY",55,"VARCHAR2"
"GETM_FACILITY",56,"VARCHAR2"
"GETM_FACILITY",57,"VARCHAR2"
"GETM_FACILITY",58,"VARCHAR2"
"GETM_FACILITY",59,"VARCHAR2"
"GETM_FACILITY",60,"VARCHAR2"
"GETM_FACILITY",61,"VARCHAR2"
"GETM_FACILITY",62,"VARCHAR2"
"GETM_FACILITY",63,"VARCHAR2"
"GETM_FACILITY",64,"VARCHAR2"
"GETM_FACILITY",65,"VARCHAR2"
"GETM_FACILITY",66,"VARCHAR2"
"GETM_FACILITY",67,"VARCHAR2"
"GETM_FACILITY",68,"VARCHAR2"
"GETM_FACILITY",69,"VARCHAR2"
"GETM_FACILITY",70,"VARCHAR2"
"GETM_FACILITY",71,"VARCHAR2"
"GETM_FACILITY",72,"VARCHAR2"
"GETM_FACILITY",73,"VARCHAR2"
"GETM_FACILITY",74,"VARCHAR2"
"GETM_FACILITY",75,"VARCHAR2"
"GETM_FACILITY",76,"VARCHAR2"
"GETM_FACILITY",77,"VARCHAR2"
"GETM_FACILITY",78,"VARCHAR2"
"GETM_FACILITY",79,"VARCHAR2"
"GETM_FACILITY",80,"VARCHAR2"
"GETM_FACILITY",81,"VARCHAR2"
"GETM_FACILITY",82,"VARCHAR2"
"GETM_FACILITY",83,"VARCHAR2"
"GETM_FACILITY",84,"VARCHAR2"
"GETM_FACILITY",85,"VARCHAR2"
"GETM_FACILITY",86,"VARCHAR2"
"GETM_FACILITY",87,"VARCHAR2"
"GETM_FACILITY",88,"VARCHAR2"
"GETM_FACILITY",89,"VARCHAR2"
"GETM_FACILITY",90,"VARCHAR2"
"GETM_FACILITY",91,"VARCHAR2"
"GETM_FACILITY",92,"VARCHAR2"
"GETM_FACILITY",93,"VARCHAR2"
"GETM_FACILITY",94,"VARCHAR2"
"GETM_FACILITY",95,"VARCHAR2"
"GETM_FACILITY",96,"VARCHAR2"
"GETM_FACILITY",97,"VARCHAR2"
"GETM_FACILITY",98,"VARCHAR2"
"GETM_FACILITY",99,"VARCHAR2"
"GETM_FACILITY",100,"VARCHAR2"
"GETM_FACILITY",101,"VARCHAR2"
"GETM_FACILITY",102,"VARCHAR2"
"GETM_FACILITY",103,"VARCHAR2"
"GETM_FACILITY",104,"VARCHAR2"
"GETM_FACILITY",105,"VARCHAR2"
"GETM_FACILITY",106,"VARCHAR2"
"GETM_FACILITY",107,"VARCHAR2"
"GETM_FACILITY",108,"VARCHAR2"
"GETM_FACILITY",109,"VARCHAR2"
"GETM_FACILITY",110,"VARCHAR2"
"GETM_FACILITY",111,"VARCHAR2"
"GETM_FACILITY",112,"VARCHAR2"
"GETM_FACILITY",113,"VARCHAR2"
"GETM_FACILITY",114,"VARCHAR2"
"GETM_FACILITY",115,"NUMBER"
"GETM_FACILITY",116,"NUMBER"
"GETM_FACILITY",117,"DATE"
"GETM_FACILITY",118,"NUMBER"
"GETM_FACILITY",119,"DATE"
"GETM_FACILITY",120,"DATE"
"GETM_FACILITY",121,"DATE"
"GETM_FACILITY",122,"NUMBER"
"GETM_FACILITY",123,"VARCHAR2"
"GETM_FACILITY",124,"VARCHAR2"
"GETM_FACILITY",125,"VARCHAR2"
"GETM_FACILITY",126,"VARCHAR2"
"GETM_FACILITY",127,"VARCHAR2"
"GETM_FACILITY",129,"VARCHAR2"
"GETM_FACILITY",130,"VARCHAR2"
"GETM_FACILITY",131,"VARCHAR2"
"GETM_FACILITY",132,"VARCHAR2"
"GETM_FACILITY",133,"VARCHAR2"
"GETM_FACILITY",134,"LONG"
"GETM_FACILITY",135,"VARCHAR2"
"GETM_FACILITY",136,"DATE"
"GETM_FACILITY",137,"DATE"
"GETM_FACILITY",138,"NUMBER"
"GETM_FACILITY",1,"NUMBER"
"GETM_FACILITY",2,"NUMBER"
"GETM_FACILITY",3,"VARCHAR2"
"GETM_FACILITY",4,"NUMBER"
"GETM_FACILITY",5,"NUMBER"
"GETM_FACILITY",6,"VARCHAR2"
"GETM_FACILITY",7,"VARCHAR2"
"GETM_FACILITY",8,"VARCHAR2"
"GETM_FACILITY",9,"DATE"
"GETM_FACILITY",10,"DATE"
"GETM_FACILITY",11,"DATE"
"GETM_FACILITY",12,"VARCHAR2"
"GETM_FACILITY",13,"NUMBER"
"GETM_FACILITY",14,"NUMBER"
"GETM_FACILITY",15,"NUMBER"
"GETM_FACILITY",16,"NUMBER"
"GETM_FACILITY",17,"NUMBER"
"GETM_FACILITY",18,"DATE"
"GETM_FACILITY",19,"DATE"
"GETM_FACILITY",128,"VARCHAR2"
"FBTB_USER",1,"VARCHAR2"
"FBTB_USER",2,"VARCHAR2"
"FBTB_USER",3,"VARCHAR2"
"FBTB_USER",4,"VARCHAR2"
"FBTB_USER",5,"CLOB"
"FBTB_USER",6,"VARCHAR2"
"FBTB_USER",7,"VARCHAR2"
"FBTB_USER",8,"VARCHAR2"
"FBTB_USER",9,"VARCHAR2"
"FBTB_USER",10,"VARCHAR2"
"FBTB_USER",11,"NUMBER"
"FBTB_USER",12,"NUMBER"
"FBTB_USER",13,"VARCHAR2"
"FBTB_USER",14,"VARCHAR2"
"FBTB_USER",15,"VARCHAR2"
"FBTB_USER",16,"NUMBER"
"FBTB_USER",17,"CHAR"
"FBTB_USER",18,"CHAR"
"FBTB_USER",19,"DATE"
"FBTB_USER",20,"DATE"
"FBTB_USER",21,"VARCHAR2"
"FBTB_USER",22,"NUMBER"
